task_id,contributor_id,label,seconds
0,59,0,31.73
0,42,1,20.24
0,197,0,16.87
0,181,0,1.32
0,180,1,1.29
1,30,1,19.67
1,144,0,27.05
1,148,1,23.23
1,46,1,27.94
1,37,1,22.1
2,98,1,25.2
2,75,0,27.13
2,37,1,24.41
2,50,1,34.75
2,72,1,18.47
3,147,1,34.06
3,65,0,37.22
3,156,0,36.86
3,130,1,38.43
3,10,1,36.2
4,176,0,1.28
4,108,0,26.86
4,190,1,11.56
4,181,1,1.55
4,183,0,1.79
5,175,1,1.89
5,119,0,33.0
5,198,1,11.83
5,44,1,28.66
5,58,1,24.99
6,166,0,5.51
6,92,0,17.79
6,153,1,16.94
6,127,0,20.52
6,64,0,17.92
7,140,0,32.23
7,185,0,0.67
7,104,1,27.93
7,175,1,0.97
7,94,0,29.95
8,49,0,25.02
8,151,0,29.53
8,54,0,21.34
8,52,1,20.07
8,22,1,28.56
9,42,0,21.63
9,161,0,6.17
9,162,0,2.99
9,16,0,24.0
9,151,0,14.81
10,152,1,21.51
10,12,1,25.7
10,182,0,1.56
10,126,1,28.24
10,23,1,30.4
11,168,0,4.78
11,48,1,15.91
11,188,0,1.43
11,135,1,21.5
11,63,1,24.11
12,100,1,23.75
12,172,0,6.19
12,186,0,1.77
12,138,1,29.85
12,108,1,18.75
13,106,1,28.67
13,189,1,1.06
13,46,1,27.13
13,132,1,25.01
13,60,0,27.11
14,77,1,23.39
14,73,1,26.24
14,16,1,32.75
14,79,1,26.54
14,132,1,18.5
15,34,1,32.78
15,70,1,25.11
15,131,0,26.5
15,123,1,15.65
15,186,0,1.14
16,69,1,38.0
16,55,0,32.6
16,193,0,6.85
16,30,1,36.54
16,78,1,33.84
17,2,0,24.0
17,179,1,1.59
17,126,1,30.82
17,64,0,32.02
17,173,0,8.44
18,185,1,1.02
18,154,0,22.46
18,30,1,24.34
18,1,0,27.06
18,40,1,26.11
19,160,0,6.37
19,93,0,35.83
19,54,0,33.25
19,75,0,30.06
19,103,0,28.35
20,156,1,24.3
20,144,0,21.29
20,152,1,17.57
20,127,1,17.14
20,190,0,12.92
21,81,0,31.46
21,178,0,1.62
21,126,0,33.78
21,141,0,33.36
21,96,0,28.97
22,44,1,29.05
22,186,1,1.95
22,95,0,37.3
22,78,0,32.53
22,40,0,30.45
23,198,1,13.19
23,59,1,24.98
23,120,0,32.09
23,67,1,27.14
23,27,1,24.02
24,3,1,34.32
24,126,0,33.97
24,147,1,30.44
24,59,0,31.95
24,18,1,30.02
25,49,1,24.8
25,90,1,26.33
25,88,1,15.87
25,141,1,26.99
25,138,1,27.43
26,103,0,26.82
26,162,0,5.64
26,174,0,7.71
26,146,0,34.05
26,5,0,32.37
27,78,0,25.28
27,62,0,15.44
27,19,1,22.64
27,114,1,15.49
27,184,1,1.06
28,168,0,3.73
28,161,0,7.27
28,166,0,5.92
28,15,0,33.09
28,139,0,36.38
29,59,1,33.05
29,79,0,27.06
29,178,1,1.51
29,24,0,30.87
29,46,0,28.6
30,53,0,17.03
30,27,0,24.01
30,89,0,21.32
30,108,0,16.15
30,109,0,22.09
31,194,1,12.48
31,118,0,25.67
31,197,1,7.02
31,98,0,31.96
31,66,0,32.91
32,110,0,30.52
32,127,0,40.44
32,152,1,27.54
32,51,1,30.83
32,94,1,30.76
33,90,0,35.53
33,52,1,30.98
33,174,0,5.52
33,171,0,6.51
33,7,0,36.85
34,189,0,1.71
34,186,0,1.23
34,32,1,30.82
34,172,0,5.94
34,86,0,32.63
35,198,0,8.63
35,187,1,1.33
35,98,0,19.63
35,146,0,25.97
35,46,0,27.42
36,43,1,24.0
36,33,1,31.57
36,196,0,15.27
36,29,0,21.32
36,191,0,11.11
37,176,0,1.71
37,131,0,23.31
37,121,1,31.37
37,25,1,27.96
37,123,0,33.71
38,144,0,35.65
38,62,1,34.47
38,106,0,30.55
38,29,1,28.07
38,128,0,18.42
39,3,1,26.46
39,37,1,36.14
39,54,0,30.33
39,39,0,25.86
39,23,0,28.93
40,62,0,31.52
40,123,1,33.75
40,53,1,35.11
40,52,1,32.02
40,138,1,33.73
41,38,1,26.94
41,23,1,28.47
41,35,1,27.18
41,101,1,19.74
41,182,0,2.56
42,18,1,32.3
42,64,1,37.35
42,68,1,30.44
42,70,1,35.39
42,54,1,30.11
43,78,1,40.11
43,189,0,1.84
43,25,1,32.51
43,68,0,44.74
43,76,1,35.87
44,173,0,4.98
44,130,0,23.47
44,51,0,20.27
44,96,1,25.9
44,146,0,22.0
45,98,1,17.9
45,29,1,31.06
45,160,0,5.25
45,31,1,24.45
45,23,1,16.38
46,83,0,33.8
46,133,0,27.91
46,90,0,34.96
46,77,1,32.66
46,15,0,32.46
47,164,0,4.34
47,116,1,35.55
47,44,1,38.16
47,113,1,18.96
47,98,1,24.11
48,78,1,27.92
48,178,1,0.56
48,40,1,31.53
48,196,0,14.07
48,31,1,32.27
49,25,0,15.9
49,141,1,14.72
49,23,0,15.52
49,13,1,19.68
49,185,0,1.32
50,123,1,32.63
50,188,0,1.55
50,89,1,28.06
50,122,1,40.67
50,7,1,35.52
51,28,0,22.38
51,183,0,1.13
51,188,1,1.32
51,60,0,19.54
51,53,0,24.43
52,3,1,29.25
52,44,0,25.5
52,47,0,21.91
52,185,1,1.84
52,141,0,26.37
53,171,0,8.95
53,12,0,28.32
53,25,0,25.26
53,151,0,29.88
53,58,0,29.7
54,148,1,43.44
54,180,0,1.16
54,82,0,31.98
54,33,0,33.11
54,135,0,40.26
55,108,0,32.01
55,165,0,6.78
55,97,0,26.73
55,117,1,24.33
55,66,1,29.43
56,100,1,38.42
56,24,0,20.84
56,150,1,26.45
56,110,0,26.74
56,198,0,11.84
57,36,1,42.24
57,67,0,31.71
57,136,1,38.91
57,168,0,6.32
57,150,1,41.43
58,80,1,30.63
58,82,0,22.21
58,90,1,24.18
58,160,0,4.48
58,93,1,13.79
59,45,1,29.18
59,137,1,29.45
59,156,1,37.21
59,198,1,12.82
59,6,1,24.64
60,21,1,18.89
60,32,0,26.09
60,36,0,20.6
60,0,1,30.86
60,134,0,24.35
61,194,0,11.71
61,81,1,25.55
61,60,1,26.65
61,165,0,5.36
61,36,0,31.39
62,131,1,23.09
62,98,0,26.43
62,147,0,24.75
62,157,0,15.82
62,69,0,33.5
63,126,1,35.3
63,193,0,10.25
63,172,0,5.07
63,109,1,21.86
63,36,1,33.1
64,76,0,32.75
64,22,1,34.26
64,125,0,30.17
64,46,0,29.45
64,54,0,26.58
65,48,0,22.15
65,186,1,1.12
65,0,0,20.39
65,140,0,30.05
65,194,0,11.46
66,86,1,15.58
66,150,0,19.5
66,125,1,26.02
66,170,0,6.83
66,175,1,1.45
67,58,1,25.52
67,0,1,19.13
67,191,0,8.75
67,4,1,22.87
67,61,0,21.95
68,54,0,36.7
68,52,1,40.2
68,186,0,2.26
68,2,1,44.29
68,38,0,43.99
69,119,0,29.84
69,174,0,4.87
69,113,0,30.54
69,30,0,26.13
69,34,0,20.99
70,4,1,21.16
70,171,0,6.08
70,133,1,23.71
70,155,1,19.2
70,14,1,19.48
71,95,0,39.43
71,197,0,10.77
71,93,0,37.96
71,75,0,36.96
71,27,1,35.06
72,137,1,34.27
72,144,1,21.31
72,182,0,1.09
72,121,0,32.75
72,43,0,24.73
73,81,0,22.66
73,41,0,26.72
73,193,1,12.66
73,10,0,27.45
73,59,0,29.0
74,178,1,1.47
74,199,1,8.57
74,162,0,7.84
74,127,1,27.63
74,40,1,32.61
75,166,0,6.34
75,189,1,2.64
75,98,0,30.91
75,192,1,11.19
75,68,0,38.7
76,36,0,25.13
76,44,0,35.81
76,41,0,38.41
76,177,1,1.68
76,0,0,35.87
77,46,0,23.61
77,183,0,1.51
77,126,1,32.84
77,179,0,1.05
77,53,0,28.14
78,103,1,41.61
78,95,1,24.67
78,35,1,28.75
78,42,1,37.22
78,28,1,33.65
79,52,0,30.66
79,79,0,33.83
79,20,1,31.18
79,40,1,28.87
79,6,1,33.13
80,93,1,24.46
80,14,1,31.29
80,57,1,37.21
80,26,1,34.5
80,159,1,33.81
81,50,1,33.96
81,137,1,30.01
81,25,0,32.44
81,10,0,33.96
81,185,0,1.11
82,29,1,30.33
82,68,0,44.01
82,20,0,34.71
82,25,0,32.59
82,187,0,1.0
83,163,0,4.95
83,130,1,33.13
83,180,0,1.33
83,61,0,23.43
83,122,1,29.74
84,64,1,36.84
84,131,1,37.1
84,39,1,39.92
84,100,1,46.81
84,25,0,51.67
85,119,1,35.77
85,199,1,16.74
85,24,1,40.04
85,171,0,5.18
85,20,1,33.21
86,168,0,4.74
86,21,1,35.36
86,194,1,8.16
86,97,0,31.36
86,18,0,34.57
87,167,0,2.99
87,191,1,16.69
87,59,1,33.01
87,18,0,31.09
87,185,0,1.24
88,188,1,1.95
88,146,1,31.94
88,71,0,37.11
88,84,0,39.09
88,73,0,41.86
89,170,0,6.32
89,34,1,15.7
89,55,1,24.17
89,74,1,21.95
89,94,1,18.33
90,105,0,18.89
90,177,0,0.3
90,126,0,25.44
90,114,0,14.35
90,24,0,23.73
91,192,0,14.49
91,184,1,0.46
91,117,1,21.37
91,133,1,32.6
91,2,1,20.14
92,64,1,37.67
92,192,1,8.92
92,121,0,37.78
92,120,1,38.12
92,109,0,36.91
93,90,1,26.82
93,148,0,19.49
93,97,0,24.41
93,43,0,27.07
93,9,0,25.38
94,108,1,27.86
94,197,1,14.8
94,172,0,9.17
94,19,1,12.31
94,91,1,13.49
95,186,1,0.76
95,192,0,8.22
95,109,0,31.0
95,11,1,21.05
95,33,0,29.77
96,108,0,28.22
96,59,0,30.35
96,199,0,11.26
96,196,0,18.67
96,172,0,2.59
97,195,1,12.29
97,190,1,16.15
97,101,1,27.51
97,144,1,36.28
97,33,1,37.89
98,103,1,25.9
98,48,1,26.82
98,12,1,30.74
98,19,0,21.93
98,61,1,29.61
99,37,0,25.33
99,101,0,31.85
99,69,0,25.69
99,193,0,6.69
99,76,0,32.79
100,152,1,30.65
100,181,0,1.98
100,125,1,21.65
100,3,0,30.42
100,16,1,25.64
101,163,0,3.38
101,99,0,42.38
101,179,1,2.18
101,124,0,36.49
101,142,0,41.17
102,170,0,6.82
102,113,1,30.39
102,171,0,6.42
102,187,0,1.79
102,32,1,31.11
103,61,0,47.49
103,67,1,45.42
103,74,0,41.58
103,20,1,44.7
103,173,0,3.04
104,78,0,32.38
104,102,1,28.11
104,45,1,30.44
104,50,0,27.58
104,196,0,11.47
105,127,1,31.57
105,117,1,23.53
105,49,1,21.06
105,164,0,4.81
105,56,1,28.14
106,14,0,34.64
106,121,1,34.8
106,90,1,35.74
106,60,1,31.32
106,74,0,35.65
107,6,1,37.77
107,133,1,36.06
107,60,1,33.18
107,169,0,5.35
107,137,0,40.38
108,189,1,0.87
108,160,0,1.51
108,145,0,12.34
108,65,0,30.7
108,155,1,29.4
109,68,1,27.15
109,48,1,26.11
109,172,0,7.94
109,166,0,5.83
109,61,0,21.88
110,28,0,23.43
110,164,0,8.04
110,52,0,31.04
110,37,0,32.63
110,89,1,29.03
111,103,1,38.07
111,21,1,43.7
111,116,1,33.66
111,55,1,23.66
111,68,0,30.65
112,153,1,24.49
112,183,0,1.57
112,177,1,2.42
112,112,1,20.41
112,30,1,15.81
113,101,0,31.68
113,127,0,23.08
113,107,0,19.09
113,189,0,0.76
113,109,1,28.86
114,111,1,33.68
114,109,0,36.28
114,58,1,35.6
114,147,1,43.78
114,13,1,33.8
115,148,1,34.53
115,109,1,37.68
115,10,0,29.31
115,184,0,0.69
115,116,1,24.34
116,161,0,8.41
116,83,1,30.45
116,156,1,32.7
116,67,1,28.02
116,157,0,27.03
117,31,0,37.96
117,148,1,43.58
117,70,1,35.05
117,185,1,1.16
117,65,1,41.18
118,4,1,24.26
118,177,0,1.67
118,51,0,30.91
118,85,1,36.45
118,61,1,31.71
119,11,0,38.98
119,198,1,17.56
119,93,0,38.5
119,27,0,31.49
119,163,0,2.15
120,53,0,38.42
120,69,1,44.54
120,142,1,33.3
120,92,0,36.03
120,115,0,40.56
121,143,1,36.43
121,114,1,31.25
121,188,0,1.28
121,158,1,30.99
121,141,0,22.98
122,19,1,33.81
122,148,0,24.66
122,69,0,23.48
122,2,1,32.47
122,77,1,20.5
123,55,0,34.07
123,193,1,13.86
123,161,0,7.36
123,69,1,29.31
123,93,0,38.28
124,101,1,30.03
124,70,1,22.38
124,48,1,36.14
124,74,1,30.91
124,194,1,8.25
125,142,1,27.02
125,138,1,35.33
125,29,1,32.27
125,90,1,21.47
125,11,1,25.98
126,139,0,22.62
126,79,1,43.12
126,66,0,45.11
126,149,0,45.45
126,167,0,5.46
127,97,0,37.19
127,48,0,37.03
127,190,0,12.52
127,95,1,37.57
127,18,1,43.73
128,18,1,32.29
128,43,1,32.09
128,80,1,29.86
128,22,1,35.57
128,88,1,25.33
129,178,0,2.0
129,58,0,47.66
129,4,1,21.17
129,80,1,34.68
129,66,1,35.67
130,166,0,7.69
130,186,0,1.36
130,7,0,21.45
130,158,1,17.84
130,127,1,23.96
131,179,1,2.24
131,154,0,41.67
131,157,0,27.0
131,148,1,26.48
131,119,0,27.24
132,167,0,5.23
132,45,0,17.57
132,153,0,23.02
132,152,0,26.63
132,185,0,0.84
133,113,1,27.77
133,63,1,20.21
133,80,1,26.48
133,161,0,6.75
133,95,0,26.18
134,46,1,31.04
134,37,0,22.53
134,103,1,32.49
134,49,0,22.29
134,153,1,19.86
135,46,0,29.92
135,120,1,24.27
135,157,1,28.38
135,117,0,34.44
135,104,0,30.26
136,193,0,1.67
136,83,0,43.14
136,152,0,43.42
136,120,1,35.05
136,7,0,32.14
137,1,1,32.06
137,125,0,17.34
137,190,1,7.99
137,151,0,25.65
137,72,0,35.35
138,8,0,21.84
138,2,0,32.68
138,109,0,22.15
138,180,0,1.07
138,159,0,26.68
139,46,1,19.84
139,166,0,6.99
139,125,0,30.71
139,40,0,25.12
139,66,0,30.22
140,157,1,37.34
140,148,1,27.84
140,138,1,32.93
140,35,1,26.29
140,37,0,31.13
141,34,1,25.48
141,93,0,21.05
141,12,1,19.92
141,27,0,26.27
141,174,0,7.02
142,73,0,29.25
142,186,0,0.3
142,6,1,40.11
142,109,0,30.22
142,134,0,22.33
143,76,0,35.56
143,91,0,22.07
143,16,0,22.89
143,66,0,23.97
143,193,1,8.89
144,106,1,34.71
144,80,1,33.55
144,199,1,11.66
144,165,0,6.2
144,84,0,37.52
145,1,1,31.77
145,170,0,6.88
145,11,1,32.46
145,53,1,23.09
145,117,1,29.13
146,86,1,34.34
146,39,1,31.47
146,113,0,28.55
146,74,0,35.74
146,190,0,8.62
147,162,0,3.92
147,56,0,23.71
147,123,0,35.17
147,32,1,29.0
147,171,0,5.01
148,191,0,11.23
148,131,1,14.92
148,65,1,25.27
148,169,0,4.97
148,10,1,24.93
149,164,0,5.79
149,179,1,1.52
149,87,0,28.74
149,55,0,22.38
149,133,0,23.8
150,16,1,29.19
150,194,0,13.05
150,61,1,30.46
150,119,0,25.05
150,198,0,5.69
151,138,1,36.26
151,24,1,29.98
151,94,1,29.39
151,162,0,8.41
151,21,0,38.72
152,49,1,20.54
152,179,1,1.22
152,42,1,23.74
152,128,1,25.15
152,66,1,24.37
153,43,0,28.66
153,148,0,27.07
153,137,0,21.59
153,79,1,18.59
153,108,0,18.42
154,171,0,6.9
154,46,0,26.81
154,121,0,33.1
154,186,0,1.25
154,59,0,29.25
155,41,1,20.99
155,169,0,4.69
155,140,1,25.98
155,138,1,23.26
155,132,0,22.35
156,126,1,16.57
156,47,1,23.08
156,85,1,42.48
156,199,0,11.35
156,132,1,36.89
157,123,0,36.82
157,183,1,1.96
157,168,0,5.33
157,125,1,33.32
157,67,1,40.91
158,112,0,38.09
158,159,1,27.75
158,38,1,34.73
158,104,1,30.01
158,16,0,37.45
159,185,0,1.99
159,118,0,30.21
159,194,0,14.47
159,115,1,28.83
159,190,0,13.78
160,85,0,19.55
160,4,1,28.64
160,58,0,25.71
160,191,0,11.45
160,159,1,21.5
161,3,1,23.55
161,83,0,14.28
161,196,1,14.63
161,135,1,29.25
161,155,1,34.46
162,73,1,21.31
162,14,0,23.38
162,128,0,28.19
162,130,0,23.86
162,170,0,6.21
163,88,0,30.83
163,25,0,30.69
163,184,1,1.63
163,133,0,37.53
163,87,1,24.55
164,182,1,2.31
164,191,0,9.53
164,38,0,42.22
164,176,1,1.64
164,148,1,33.11
165,142,1,24.07
165,67,0,13.68
165,121,0,28.08
165,65,0,26.83
165,71,0,21.47
166,124,0,43.3
166,41,0,27.11
166,9,1,34.38
166,160,0,3.44
166,167,0,6.8
167,29,1,31.07
167,142,0,27.26
167,31,0,35.7
167,43,1,22.88
167,85,0,39.6
168,69,0,21.44
168,195,1,11.3
168,163,0,9.24
168,52,0,29.07
168,65,0,35.86
169,39,1,32.86
169,128,0,25.0
169,92,0,27.93
169,91,1,25.03
169,19,1,32.02
170,74,1,32.12
170,97,0,35.46
170,167,0,5.02
170,183,1,1.43
170,77,1,28.88
171,164,0,4.92
171,130,0,31.71
171,91,0,22.31
171,28,0,29.65
171,181,1,2.0
172,35,1,36.11
172,119,0,36.95
172,194,0,13.64
172,172,0,5.87
172,61,1,30.77
173,129,1,35.67
173,172,0,0.43
173,32,0,23.32
173,121,1,26.9
173,10,1,33.99
174,155,1,27.76
174,16,1,23.51
174,100,0,32.42
174,159,1,24.81
174,147,0,24.62
175,120,1,28.29
175,54,1,31.55
175,28,0,29.35
175,72,0,30.78
175,129,0,35.18
176,15,1,32.18
176,158,1,30.24
176,177,0,2.03
176,192,0,14.05
176,154,0,34.85
177,164,0,6.58
177,109,0,22.24
177,123,0,18.97
177,137,1,22.63
177,167,0,8.18
178,82,0,15.99
178,21,1,28.87
178,129,1,22.21
178,89,1,33.43
178,131,1,27.04
179,68,1,23.54
179,1,1,29.41
179,155,0,30.01
179,113,1,32.23
179,162,0,3.88
180,170,0,9.89
180,75,1,35.83
180,198,0,11.37
180,181,1,2.11
180,112,0,31.35
181,84,0,21.06
181,117,0,28.92
181,79,0,28.86
181,177,1,1.23
181,83,0,17.46
182,84,0,28.23
182,183,0,0.72
182,7,0,25.75
182,48,0,31.71
182,27,0,25.46
183,33,1,20.0
183,198,1,9.71
183,30,1,17.26
183,167,0,4.55
183,61,0,24.16
184,138,1,30.02
184,41,1,27.28
184,82,0,31.84
184,9,0,32.52
184,54,1,37.49
185,199,1,14.54
185,19,0,30.37
185,188,0,1.78
185,110,0,23.33
185,90,0,23.17
186,21,0,28.19
186,175,1,1.55
186,69,0,41.21
186,73,0,27.27
186,178,1,2.44
187,133,0,24.8
187,49,0,28.3
187,152,1,20.69
187,30,0,32.11
187,82,0,27.27
188,130,0,35.2
188,166,0,5.16
188,37,1,39.25
188,92,0,41.03
188,39,0,31.69
189,18,0,26.12
189,50,0,26.63
189,87,0,33.68
189,156,0,27.45
189,49,0,25.48
190,132,0,34.0
190,1,0,34.44
190,46,1,31.38
190,159,0,27.32
190,56,0,35.79
191,159,0,29.64
191,161,0,5.4
191,165,0,4.23
191,84,0,33.29
191,17,0,29.69
192,170,0,6.95
192,20,1,27.36
192,110,1,26.71
192,140,0,28.21
192,68,1,29.3
193,45,0,18.85
193,168,0,6.68
193,69,1,21.79
193,172,0,7.53
193,145,0,26.51
194,158,1,36.26
194,41,1,16.41
194,161,0,8.79
194,94,0,26.38
194,157,1,22.3
195,134,1,22.03
195,50,0,21.95
195,139,1,26.18
195,84,1,28.46
195,76,0,24.29
196,80,0,26.79
196,157,0,23.23
196,64,0,31.39
196,164,0,8.83
196,115,1,24.53
197,111,1,35.91
197,170,0,7.58
197,14,1,33.43
197,102,0,30.58
197,147,0,22.83
198,197,1,12.46
198,160,0,4.88
198,93,0,28.1
198,166,0,6.01
198,9,0,30.59
199,150,1,29.7
199,17,0,26.36
199,159,1,23.3
199,138,1,32.37
199,123,1,32.77
200,114,0,22.37
200,131,0,25.94
200,157,0,15.56
200,110,0,20.94
200,63,0,20.55
201,175,0,0.6
201,46,0,31.32
201,189,1,1.24
201,92,0,28.18
201,186,1,1.28
202,43,0,29.11
202,113,0,21.25
202,25,0,22.9
202,53,0,27.99
202,63,0,22.94
203,111,1,37.09
203,45,0,36.38
203,11,1,28.53
203,96,1,26.95
203,134,0,27.85
204,6,1,38.44
204,186,0,1.74
204,111,0,39.3
204,95,0,36.46
204,54,0,39.95
205,11,0,30.57
205,46,0,26.62
205,92,0,33.5
205,38,0,35.08
205,198,0,10.07
206,91,1,33.68
206,40,1,24.57
206,44,0,20.81
206,59,1,34.71
206,130,1,24.41
207,59,1,40.86
207,187,0,0.91
207,103,1,35.42
207,165,0,5.18
207,118,1,23.86
208,136,1,31.59
208,61,0,29.93
208,74,0,31.25
208,99,0,35.29
208,149,1,34.78
209,85,0,35.71
209,121,0,34.51
209,99,0,35.6
209,108,1,32.65
209,196,1,14.29
210,49,1,21.93
210,133,1,30.88
210,73,1,25.42
210,120,0,32.86
210,123,0,28.95
211,159,1,23.89
211,177,0,1.19
211,30,1,28.37
211,118,0,45.82
211,173,0,6.25
212,3,1,24.25
212,36,1,29.57
212,96,1,23.74
212,92,1,29.03
212,33,1,27.15
213,100,0,31.79
213,170,0,8.02
213,131,1,23.91
213,194,1,10.63
213,178,1,1.64
214,179,1,2.09
214,106,1,34.53
214,142,1,25.17
214,188,0,1.83
214,18,1,35.66
215,134,0,28.4
215,125,0,25.08
215,24,0,21.5
215,46,0,26.25
215,44,0,31.96
216,64,0,32.82
216,154,0,27.59
216,185,0,1.23
216,89,0,28.61
216,18,0,23.62
217,3,0,32.62
217,56,0,25.96
217,81,1,31.01
217,112,0,32.13
217,0,1,30.13
218,92,0,23.59
218,84,0,26.33
218,121,0,22.16
218,17,0,20.24
218,53,0,28.75
219,94,0,34.11
219,133,1,32.31
219,182,1,1.5
219,153,1,25.26
219,13,1,34.85
220,189,1,1.71
220,195,0,12.83
220,65,1,35.8
220,135,0,29.47
220,55,0,38.96
221,24,1,45.27
221,131,1,31.25
221,113,0,40.64
221,121,0,41.35
221,33,0,35.09
222,136,1,12.39
222,167,0,4.77
222,117,0,16.44
222,111,0,36.62
222,53,1,23.04
223,154,0,24.05
223,33,0,27.69
223,164,0,5.74
223,162,0,5.86
223,84,0,28.3
224,129,0,25.55
224,4,1,26.21
224,47,1,26.23
224,156,1,34.68
224,158,0,36.02
225,89,1,27.98
225,81,0,28.48
225,180,0,1.49
225,184,1,0.73
225,52,1,22.83
226,174,0,6.78
226,120,1,39.58
226,41,1,42.3
226,93,1,41.6
226,70,1,35.86
227,129,1,36.74
227,130,1,37.76
227,79,1,29.87
227,107,1,33.89
227,118,1,37.47
228,23,1,32.16
228,19,0,30.45
228,104,1,30.7
228,121,0,27.83
228,60,1,31.79
229,190,0,13.24
229,116,1,36.4
229,95,0,38.65
229,171,0,3.76
229,60,0,40.47
230,32,0,15.68
230,138,0,25.43
230,34,0,18.76
230,171,0,5.92
230,74,0,18.01
231,158,0,29.66
231,70,0,35.13
231,61,1,35.02
231,86,1,39.26
231,9,0,40.48
232,186,1,1.84
232,45,0,25.15
232,123,1,36.99
232,100,0,37.41
232,92,0,30.33
233,173,0,8.38
233,113,1,25.29
233,124,1,19.91
233,42,1,31.2
233,80,1,21.9
234,140,0,28.81
234,133,0,31.58
234,70,0,23.16
234,0,0,20.24
234,71,0,18.89
235,17,1,38.61
235,160,0,5.57
235,36,1,38.11
235,21,1,50.45
235,53,1,36.41
236,12,1,25.17
236,154,1,24.94
236,6,1,37.91
236,128,1,22.0
236,69,1,27.84
237,102,0,19.19
237,128,0,31.27
237,80,0,23.72
237,54,0,23.9
237,30,0,27.77
238,108,0,33.88
238,125,0,33.22
238,130,0,33.7
238,155,1,38.74
238,89,0,31.78
239,82,0,28.34
239,63,1,31.21
239,95,1,27.02
239,26,1,28.67
239,7,0,23.31
240,120,0,21.39
240,106,0,22.98
240,66,0,22.17
240,183,1,1.33
240,6,1,18.55
241,178,1,1.6
241,47,1,39.57
241,58,0,35.53
241,66,0,42.9
241,42,1,40.39
242,159,0,21.87
242,5,1,29.5
242,44,0,18.79
242,2,0,23.04
242,105,0,23.73
243,68,0,34.0
243,3,0,35.58
243,110,1,41.57
243,123,0,29.79
243,185,0,2.11
244,0,1,17.7
244,7,0,15.43
244,86,1,40.46
244,81,1,20.53
244,131,1,23.18
245,46,0,23.31
245,103,0,21.27
245,151,0,20.1
245,54,0,21.28
245,64,0,18.21
246,194,0,9.67
246,125,1,22.31
246,109,1,23.7
246,107,1,21.26
246,178,0,1.87
247,55,0,27.13
247,151,1,30.97
247,111,0,30.97
247,154,0,30.11
247,52,1,36.69
248,101,1,37.18
248,141,1,42.38
248,126,1,31.82
248,190,0,11.36
248,27,1,22.65
249,98,0,36.04
249,42,1,27.26
249,118,1,29.44
249,23,0,33.8
249,32,1,28.85
250,14,0,33.46
250,141,1,22.62
250,0,1,29.49
250,19,0,23.79
250,43,1,35.33
251,175,0,1.66
251,64,0,29.62
251,144,1,28.64
251,110,0,30.34
251,194,1,7.82
252,94,0,23.23
252,121,0,23.81
252,90,0,30.01
252,100,0,28.18
252,86,1,35.22
253,182,0,1.19
253,154,0,28.64
253,136,0,12.49
253,22,1,18.74
253,106,0,15.88
254,83,1,24.92
254,108,1,31.43
254,116,1,26.23
254,192,1,12.44
254,56,1,40.85
255,9,1,31.04
255,79,0,20.95
255,101,0,25.23
255,134,1,22.21
255,17,1,24.72
256,84,0,29.29
256,192,0,14.61
256,57,1,30.69
256,172,0,5.82
256,72,1,23.29
257,153,0,29.06
257,28,0,33.01
257,30,1,34.03
257,165,0,4.48
257,120,0,34.12
258,7,0,25.47
258,32,1,28.34
258,88,0,16.94
258,74,0,28.08
258,40,0,21.69
259,124,0,29.73
259,123,1,22.86
259,149,1,33.51
259,17,1,19.61
259,55,1,27.3
260,34,1,24.29
260,176,0,0.85
260,20,1,17.49
260,177,1,1.62
260,114,1,24.61
261,35,0,23.87
261,2,0,22.49
261,39,0,34.07
261,112,0,31.13
261,11,0,28.54
262,46,0,23.79
262,161,0,8.22
262,110,0,28.38
262,44,0,28.68
262,82,0,22.62
263,41,1,25.33
263,197,1,14.37
263,58,1,31.18
263,6,1,22.81
263,102,0,24.28
264,76,0,21.23
264,117,1,35.29
264,95,1,24.0
264,186,0,1.04
264,124,1,31.42
265,193,0,7.99
265,161,0,6.48
265,142,1,31.76
265,140,1,35.86
265,104,0,25.54
266,140,1,31.33
266,189,0,1.51
266,61,0,31.12
266,146,1,27.03
266,181,1,1.94
267,108,0,18.79
267,170,0,3.26
267,21,0,21.23
267,138,1,23.83
267,51,0,17.3
268,154,0,34.0
268,120,1,29.73
268,101,0,35.29
268,178,1,1.85
268,27,1,21.93
269,117,1,43.98
269,73,1,35.44
269,150,1,37.93
269,143,1,49.09
269,89,1,34.43
270,69,0,23.86
270,14,1,27.86
270,59,0,25.74
270,164,0,6.18
270,19,0,29.44
271,127,1,25.52
271,185,0,1.72
271,49,0,28.13
271,194,0,6.79
271,40,0,28.32
272,94,0,31.03
272,77,1,29.28
272,72,0,27.26
272,122,1,23.01
272,2,0,18.71
273,184,1,1.59
273,196,1,11.23
273,14,1,35.84
273,167,0,5.8
273,36,1,30.52
274,140,0,28.91
274,197,1,15.64
274,89,0,23.97
274,5,1,18.74
274,121,0,17.89
275,149,0,41.81
275,170,0,8.53
275,197,0,13.59
275,39,0,36.21
275,143,0,39.91
276,14,0,27.01
276,50,0,32.22
276,127,0,29.63
276,163,0,0.3
276,16,1,33.07
277,184,0,2.05
277,158,0,35.09
277,179,0,2.0
277,188,0,1.1
277,192,0,13.59
278,3,0,29.99
278,95,0,19.95
278,146,0,20.84
278,55,0,15.55
278,93,1,32.54
279,64,0,26.65
279,27,0,37.48
279,143,0,25.81
279,111,1,21.89
279,113,0,28.24
280,100,0,33.38
280,185,1,1.24
280,138,0,33.88
280,58,0,30.57
280,145,0,24.48
281,87,0,27.98
281,85,0,19.34
281,107,0,29.29
281,174,0,9.6
281,130,0,19.0
282,22,0,36.72
282,28,1,41.08
282,97,1,40.49
282,86,1,43.07
282,195,0,13.9
283,92,0,35.58
283,138,0,33.5
283,140,1,32.77
283,172,0,6.24
283,149,1,24.81
284,197,1,17.25
284,187,1,0.43
284,111,1,30.96
284,75,1,27.76
284,55,0,30.91
285,136,1,22.61
285,27,0,22.64
285,124,1,26.48
285,184,1,1.12
285,186,0,1.58
286,196,1,11.66
286,98,1,31.96
286,129,0,30.02
286,127,0,31.0
286,53,0,24.55
287,149,0,35.42
287,163,0,7.33
287,115,0,30.15
287,103,0,35.33
287,32,1,31.48
288,44,1,24.05
288,130,1,28.6
288,159,1,35.98
288,187,0,2.43
288,141,0,31.6
289,147,0,11.73
289,177,0,2.05
289,190,0,14.69
289,50,0,32.62
289,66,0,20.55
290,118,1,27.57
290,163,0,5.88
290,199,1,5.46
290,70,1,30.13
290,104,1,29.12
291,39,0,42.79
291,189,0,1.39
291,107,0,43.07
291,188,0,1.94
291,181,0,1.35
292,82,1,23.04
292,175,0,0.97
292,192,1,7.72
292,162,0,2.66
292,129,0,13.6
293,69,0,33.79
293,18,1,20.51
293,2,1,37.17
293,113,0,29.87
293,90,0,23.71
294,177,0,1.29
294,122,1,29.97
294,127,0,32.5
294,188,0,1.4
294,55,0,25.61
295,98,1,33.17
295,74,0,36.82
295,126,1,30.12
295,187,1,2.04
295,105,1,34.64
296,19,0,29.03
296,25,1,23.59
296,42,1,28.62
296,24,1,31.77
296,70,1,29.9
297,165,0,6.69
297,197,0,16.84
297,33,0,25.51
297,44,0,16.36
297,75,0,24.85
298,19,0,26.23
298,163,0,7.03
298,49,0,28.05
298,168,0,4.41
298,142,0,31.54
299,143,1,19.36
299,173,0,3.31
299,195,0,11.5
299,150,1,35.46
299,71,0,24.96
300,66,1,48.63
300,141,1,50.04
300,161,0,5.95
300,71,0,33.37
300,17,0,50.34
301,131,1,17.12
301,85,1,29.79
301,42,1,21.2
301,21,1,27.58
301,148,1,23.37
302,159,0,33.32
302,41,0,25.28
302,119,1,36.61
302,109,0,31.42
302,166,0,7.76
303,91,1,21.32
303,46,1,16.29
303,197,0,9.58
303,32,1,24.98
303,162,0,8.09
304,9,1,37.14
304,28,0,18.29
304,177,1,1.69
304,58,0,20.47
304,95,1,23.03
305,69,1,18.54
305,172,0,3.13
305,95,0,27.46
305,112,0,26.53
305,43,1,19.77
306,148,0,35.6
306,13,1,38.92
306,101,0,30.04
306,194,0,12.97
306,100,0,37.02
307,58,0,35.69
307,10,1,31.49
307,63,0,26.7
307,189,0,1.08
307,86,0,25.12
308,159,0,25.47
308,146,0,42.08
308,164,0,7.18
308,99,0,32.04
308,176,0,2.14
309,25,0,28.05
309,137,1,38.04
309,173,0,4.96
309,146,0,27.77
309,22,0,36.52
310,146,1,21.58
310,175,0,1.29
310,188,1,1.53
310,124,1,26.58
310,69,1,41.81
311,141,1,25.29
311,3,0,28.49
311,9,1,25.15
311,4,1,17.72
311,63,1,20.71
312,19,1,32.89
312,25,0,36.82
312,71,1,46.82
312,126,0,34.53
312,76,0,38.86
313,123,0,25.63
313,22,0,15.81
313,86,0,34.42
313,54,0,18.68
313,172,0,6.23
314,50,1,30.97
314,142,1,30.44
314,47,0,25.45
314,22,0,27.11
314,73,1,31.73
315,141,1,25.78
315,100,1,36.43
315,144,1,36.78
315,155,0,38.65
315,90,1,31.3
316,129,1,38.31
316,114,1,34.12
316,182,1,0.97
316,181,0,1.63
316,74,1,38.33
317,182,0,1.63
317,32,1,32.48
317,104,1,28.91
317,170,0,4.31
317,54,1,31.09
318,122,1,22.67
318,124,1,35.88
318,20,0,24.36
318,160,0,8.21
318,197,1,11.19
319,122,1,29.6
319,76,1,23.23
319,175,1,1.36
319,97,1,22.52
319,126,1,20.74
320,38,0,24.88
320,33,0,17.68
320,104,1,20.45
320,187,1,1.78
320,92,0,28.2
321,196,0,11.36
321,78,1,32.03
321,117,0,24.27
321,134,0,32.03
321,184,1,1.27
322,95,1,16.29
322,112,1,31.53
322,0,1,32.07
322,130,1,22.86
322,102,1,33.52
323,33,1,33.59
323,97,0,41.35
323,84,1,28.63
323,190,1,9.25
323,29,0,44.06
324,183,0,1.25
324,9,1,20.17
324,41,0,19.44
324,112,0,23.79
324,73,1,24.98
325,152,1,31.69
325,31,1,25.19
325,101,0,31.09
325,2,0,27.69
325,32,1,30.83
326,79,0,24.8
326,21,0,26.05
326,151,0,31.67
326,94,0,28.35
326,59,1,27.51
327,156,1,27.55
327,0,0,23.32
327,152,1,18.86
327,32,0,21.04
327,48,0,25.89
328,134,0,25.5
328,130,0,31.07
328,42,0,32.06
328,186,1,1.95
328,139,0,27.2
329,118,0,26.29
329,104,1,32.42
329,176,0,1.02
329,93,1,27.61
329,51,0,18.78
330,184,1,0.78
330,86,1,32.34
330,27,1,24.67
330,176,1,0.87
330,26,1,34.61
331,93,0,32.13
331,88,0,25.34
331,87,0,28.49
331,12,1,37.47
331,153,1,40.85
332,138,0,22.27
332,53,0,36.46
332,187,1,1.08
332,189,1,1.8
332,115,1,25.98
333,14,0,29.3
333,118,0,23.29
333,85,1,26.3
333,154,0,18.69
333,170,0,9.45
334,83,0,29.61
334,167,0,5.16
334,125,0,22.12
334,162,0,6.22
334,99,0,14.38
335,78,0,20.74
335,72,0,19.56
335,134,0,20.74
335,92,1,18.66
335,76,0,25.67
336,11,1,26.95
336,47,0,28.24
336,30,1,28.11
336,85,0,33.69
336,131,1,26.19
337,120,0,32.01
337,168,0,9.5
337,21,0,25.93
337,40,1,24.98
337,149,1,27.65
338,172,0,6.67
338,32,1,24.24
338,11,1,24.63
338,61,1,35.22
338,162,0,6.53
339,158,1,49.35
339,78,0,44.99
339,24,0,39.67
339,162,0,3.11
339,137,0,37.17
340,12,1,29.74
340,133,1,28.68
340,155,1,29.54
340,28,1,30.66
340,198,1,12.34
341,55,0,34.45
341,138,1,33.91
341,153,0,41.17
341,187,1,2.03
341,155,0,32.34
342,72,1,25.34
342,27,1,34.23
342,57,1,29.94
342,59,1,26.73
342,88,1,25.79
343,9,0,25.81
343,158,1,27.32
343,70,1,28.28
343,0,1,28.07
343,41,0,29.35
344,172,0,3.17
344,148,0,32.72
344,183,0,0.86
344,26,0,28.98
344,21,1,25.58
345,127,1,29.89
345,114,1,33.7
345,172,0,6.99
345,87,0,38.62
345,0,1,38.32
346,68,0,34.0
346,132,1,27.19
346,53,1,23.02
346,44,1,20.01
346,103,1,28.94
347,53,1,12.69
347,2,1,23.93
347,182,1,1.98
347,131,1,37.08
347,56,1,37.11
348,132,1,30.39
348,136,0,27.32
348,159,1,17.85
348,16,1,29.58
348,172,0,6.93
349,179,0,1.85
349,11,0,25.39
349,10,0,35.44
349,151,0,23.65
349,142,0,34.91
350,146,0,44.11
350,184,0,1.6
350,182,0,2.0
350,171,0,6.71
350,93,1,37.74
351,40,0,44.04
351,107,0,30.46
351,127,0,42.65
351,69,1,33.32
351,102,1,42.13
352,171,0,2.98
352,129,1,18.41
352,58,0,27.25
352,41,0,23.13
352,51,0,16.44
353,16,0,26.68
353,171,0,1.29
353,186,1,1.74
353,86,0,23.21
353,63,0,32.5
354,56,1,18.39
354,68,1,27.91
354,168,0,5.83
354,174,0,3.63
354,51,1,32.98
355,151,1,31.0
355,163,0,6.17
355,16,0,16.34
355,185,0,0.7
355,129,0,19.74
356,64,0,28.42
356,180,1,0.75
356,94,1,24.29
356,11,0,23.16
356,97,0,19.93
357,92,0,27.66
357,191,0,5.93
357,26,1,24.83
357,94,0,26.0
357,87,1,18.4
358,115,0,23.98
358,112,0,25.71
358,121,0,29.03
358,34,0,26.02
358,189,0,1.26
359,164,0,6.19
359,78,0,13.76
359,25,0,17.86
359,52,0,29.0
359,54,1,25.65
360,100,1,34.63
360,177,0,1.4
360,0,0,15.66
360,179,1,1.29
360,76,1,27.68
361,11,1,40.33
361,100,0,34.72
361,161,0,5.64
361,20,0,33.11
361,194,1,12.03
362,52,0,23.42
362,69,0,21.2
362,156,0,24.19
362,113,0,25.9
362,29,0,24.62
363,114,1,22.89
363,178,1,1.14
363,130,1,19.12
363,121,0,21.32
363,199,1,13.36
364,120,0,24.96
364,4,0,26.95
364,185,1,1.78
364,3,1,40.67
364,184,1,1.09
365,188,0,1.66
365,96,0,35.71
365,45,1,39.42
365,177,0,2.46
365,172,0,7.34
366,164,0,8.37
366,106,1,43.4
366,115,1,32.28
366,44,0,29.38
366,5,0,26.92
367,37,1,32.36
367,48,0,31.17
367,116,0,40.0
367,64,1,27.91
367,130,0,35.45
368,63,1,41.22
368,125,0,41.63
368,49,0,42.42
368,144,0,43.65
368,188,1,0.75
369,85,1,32.8
369,92,1,27.98
369,70,0,19.38
369,55,1,26.33
369,98,1,29.12
370,3,1,34.62
370,64,0,24.86
370,138,0,27.33
370,21,0,24.06
370,153,0,25.86
371,107,1,30.19
371,28,1,32.4
371,53,1,31.07
371,177,1,1.09
371,109,1,28.56
372,104,0,26.98
372,111,0,33.71
372,120,0,29.87
372,128,0,22.19
372,80,1,30.02
373,101,0,26.37
373,46,0,16.87
373,87,0,26.29
373,93,0,21.49
373,14,0,13.48
374,155,0,31.98
374,153,1,34.64
374,40,1,35.41
374,146,1,37.21
374,18,1,40.82
375,117,0,34.51
375,85,1,26.72
375,133,0,34.88
375,172,0,6.27
375,137,1,34.92
376,107,1,29.54
376,134,1,29.83
376,37,0,29.15
376,115,1,32.57
376,171,0,6.1
377,79,0,29.46
377,71,1,26.42
377,94,0,29.44
377,161,0,2.06
377,176,1,2.25
378,49,0,26.67
378,73,0,31.16
378,89,0,32.35
378,11,1,32.4
378,154,1,30.73
379,1,0,11.58
379,38,1,22.06
379,131,0,26.26
379,19,0,28.52
379,195,0,4.61
380,148,0,24.41
380,37,0,19.97
380,113,0,21.65
380,181,1,0.78
380,109,0,31.64
381,139,1,24.23
381,123,1,29.01
381,98,0,36.28
381,24,0,35.84
381,25,1,29.38
382,161,0,6.6
382,75,0,20.1
382,135,0,22.86
382,121,0,20.31
382,105,0,33.38
383,28,1,28.22
383,38,1,27.43
383,93,0,29.12
383,125,0,24.54
383,72,1,30.57
384,17,1,37.84
384,142,0,32.09
384,146,0,39.4
384,110,0,32.35
384,149,1,21.01
385,193,0,10.25
385,152,0,24.77
385,67,0,36.96
385,43,0,26.42
385,35,0,22.89
386,36,1,19.86
386,130,0,26.67
386,100,0,21.23
386,185,1,1.47
386,28,0,31.14
387,168,0,6.75
387,110,0,30.23
387,54,0,38.29
387,97,1,30.86
387,154,0,31.3
388,44,1,26.92
388,99,1,35.29
388,27,0,41.16
388,107,1,22.67
388,59,1,36.32
389,140,0,9.1
389,7,1,30.59
389,186,0,1.37
389,35,0,22.9
389,188,0,1.72
390,32,1,24.05
390,183,0,1.99
390,197,1,13.49
390,92,0,29.93
390,68,1,29.65
391,108,1,23.0
391,63,0,20.89
391,107,0,22.12
391,145,0,20.75
391,104,0,23.07
392,84,0,27.41
392,120,0,33.98
392,78,1,34.65
392,66,1,38.07
392,184,1,1.56
393,114,1,21.61
393,41,1,16.97
393,46,1,28.34
393,60,1,19.06
393,157,0,27.49
394,9,1,23.79
394,108,1,31.59
394,160,0,5.56
394,85,1,29.14
394,172,0,7.1
395,108,0,18.31
395,34,0,17.73
395,134,0,32.74
395,75,1,15.43
395,146,1,33.8
396,49,0,28.6
396,88,0,25.25
396,158,0,18.63
396,174,0,5.99
396,46,0,16.88
397,29,1,26.54
397,12,0,23.31
397,63,0,33.82
397,38,0,26.81
397,103,0,31.25
398,196,0,16.36
398,108,0,19.71
398,15,0,34.64
398,18,0,18.18
398,95,0,28.19
399,1,0,25.3
399,139,0,26.95
399,35,0,21.38
399,161,0,5.4
399,125,0,19.1
400,19,1,29.03
400,20,1,27.91
400,18,1,30.72
400,128,1,29.11
400,35,1,36.37
401,29,1,20.68
401,142,0,32.98
401,28,1,26.73
401,1,1,34.68
401,74,1,30.51
402,153,0,29.69
402,125,0,34.45
402,36,0,17.21
402,167,0,7.28
402,107,0,25.89
403,18,0,38.96
403,78,1,28.9
403,118,1,33.62
403,47,0,34.07
403,127,1,30.74
404,4,0,28.33
404,17,1,29.12
404,83,0,26.05
404,192,0,19.24
404,16,1,34.82
405,10,0,33.67
405,26,1,37.35
405,67,0,39.42
405,107,1,28.28
405,22,0,42.35
406,33,0,26.54
406,184,0,1.75
406,57,0,27.31
406,73,1,19.95
406,99,0,24.43
407,181,1,2.15
407,163,0,3.37
407,79,0,20.53
407,124,0,20.78
407,176,1,1.35
408,168,0,8.1
408,64,1,30.83
408,54,1,32.25
408,137,0,35.72
408,134,0,32.71
409,99,0,31.21
409,70,0,35.26
409,26,0,29.01
409,159,0,32.36
409,121,0,24.92
410,169,0,6.71
410,118,1,18.02
410,96,0,22.58
410,183,0,1.65
410,175,1,2.13
411,25,0,23.04
411,34,0,24.36
411,2,0,24.6
411,142,1,23.39
411,111,0,20.56
412,54,0,32.96
412,190,0,15.05
412,130,0,22.63
412,72,0,21.83
412,111,0,35.34
413,172,0,3.17
413,86,0,33.39
413,109,0,28.62
413,163,0,5.64
413,167,0,4.01
414,90,0,19.01
414,52,1,25.11
414,1,0,32.66
414,143,1,29.73
414,178,1,1.82
415,119,0,32.4
415,136,1,30.81
415,191,0,11.83
415,117,1,29.39
415,15,1,30.48
416,18,1,26.38
416,32,1,33.45
416,45,1,35.75
416,145,1,36.12
416,106,0,36.45
417,81,0,47.6
417,186,0,2.42
417,75,1,40.47
417,70,0,45.04
417,135,0,44.09
418,26,0,21.4
418,108,0,29.34
418,100,0,32.12
418,60,0,27.41
418,136,1,22.65
419,62,1,25.52
419,126,0,18.26
419,185,0,2.53
419,85,0,16.95
419,82,1,24.69
420,152,0,32.79
420,98,1,34.42
420,192,0,14.41
420,127,0,25.87
420,67,1,37.03
421,197,0,11.95
421,195,0,14.88
421,162,0,6.92
421,98,1,30.62
421,141,1,20.82
422,45,1,23.74
422,164,0,5.42
422,147,1,26.57
422,168,0,6.6
422,7,0,19.5
423,19,1,26.77
423,44,1,34.99
423,101,1,33.96
423,184,1,1.31
423,99,1,28.26
424,70,0,26.95
424,60,1,27.28
424,180,1,1.53
424,4,1,33.49
424,167,0,7.04
425,45,0,30.09
425,88,0,31.88
425,100,0,18.27
425,75,0,24.82
425,47,0,22.18
426,154,0,23.74
426,6,1,33.64
426,93,1,21.02
426,132,1,25.91
426,149,0,26.66
427,140,1,18.9
427,185,1,1.24
427,110,1,11.92
427,25,1,27.7
427,127,1,24.8
428,145,1,24.62
428,121,0,27.24
428,40,0,20.29
428,127,1,26.09
428,150,0,32.07
429,57,1,27.33
429,49,0,31.57
429,81,0,39.41
429,51,1,25.59
429,64,1,34.0
430,70,1,20.1
430,96,0,17.99
430,51,0,29.82
430,20,0,22.03
430,72,0,22.22
431,154,1,40.38
431,146,1,48.52
431,21,1,42.87
431,70,0,41.82
431,147,0,33.9
432,81,1,16.33
432,176,1,1.74
432,172,0,6.68
432,1,1,33.27
432,9,1,23.68
433,194,1,15.64
433,128,0,26.68
433,50,0,30.12
433,6,1,17.55
433,69,0,20.79
434,53,0,29.26
434,62,0,28.2
434,133,0,32.68
434,158,0,23.45
434,130,0,24.85
435,83,0,32.92
435,119,1,36.06
435,72,0,39.62
435,63,0,38.48
435,121,1,37.59
436,160,0,6.73
436,97,1,28.83
436,4,1,21.37
436,66,1,25.53
436,107,0,22.27
437,159,1,30.22
437,105,1,28.37
437,101,1,19.87
437,166,0,5.69
437,181,1,0.65
438,68,0,41.82
438,9,0,38.64
438,84,1,27.99
438,86,0,26.85
438,20,0,30.61
439,20,0,22.39
439,31,0,23.42
439,71,1,25.28
439,156,0,25.04
439,33,0,25.94
440,109,0,44.85
440,172,0,6.44
440,134,0,30.66
440,116,1,34.17
440,171,0,7.87
441,38,0,36.57
441,192,1,12.49
441,97,1,35.52
441,11,1,42.76
441,4,0,32.14
442,54,0,34.67
442,67,0,31.97
442,15,0,25.7
442,148,0,26.31
442,102,1,37.93
443,86,0,18.17
443,52,0,27.16
443,125,0,39.92
443,49,1,42.01
443,100,1,27.13
444,111,1,25.63
444,197,0,12.54
444,10,1,35.22
444,165,0,5.59
444,30,0,24.54
445,29,1,21.21
445,71,1,20.5
445,140,0,25.23
445,59,1,27.1
445,157,1,20.95
446,142,0,25.02
446,150,0,26.44
446,161,0,5.88
446,76,0,21.63
446,130,0,26.61
447,124,0,33.2
447,6,1,32.24
447,53,1,32.75
447,13,1,21.26
447,4,1,38.93
448,193,1,14.09
448,163,0,7.27
448,11,0,26.17
448,107,1,26.97
448,16,1,27.2
449,76,0,35.55
449,119,0,28.15
449,124,0,36.9
449,140,0,29.3
449,165,0,7.47
450,190,1,14.56
450,147,1,22.61
450,152,1,32.19
450,96,0,26.98
450,130,1,21.98
451,198,0,13.17
451,199,0,8.71
451,35,1,25.24
451,45,1,26.97
451,197,0,5.12
452,95,0,21.79
452,197,1,14.17
452,51,0,24.56
452,14,0,38.98
452,12,0,27.31
453,21,0,23.26
453,104,0,20.39
453,140,0,16.85
453,194,1,12.96
453,128,0,28.4
454,102,1,26.93
454,134,1,25.14
454,3,0,22.06
454,161,0,7.34
454,42,1,30.1
455,138,0,34.07
455,22,1,39.45
455,134,1,22.89
455,173,0,6.51
455,157,1,34.29
456,37,1,31.73
456,6,1,28.06
456,68,1,42.52
456,28,0,34.08
456,114,0,45.81
457,132,0,28.01
457,13,1,27.33
457,150,1,24.28
457,56,1,30.35
457,106,1,23.11
458,57,0,27.49
458,172,0,6.37
458,107,0,18.32
458,31,1,20.03
458,163,0,6.07
459,55,0,31.4
459,127,0,27.5
459,193,0,5.89
459,26,0,25.2
459,9,0,32.11
460,53,1,33.7
460,20,0,42.1
460,92,1,31.91
460,88,1,39.5
460,95,0,32.99
461,31,0,20.24
461,35,0,17.73
461,34,1,17.22
461,50,0,21.38
461,104,0,21.04
462,176,0,0.84
462,155,1,39.6
462,34,0,36.05
462,171,0,8.04
462,184,0,1.1
463,181,0,0.9
463,168,0,3.27
463,86,0,20.93
463,38,0,15.93
463,87,0,28.34
464,51,0,32.0
464,95,0,26.09
464,44,0,28.18
464,80,0,38.9
464,58,0,32.58
465,46,1,28.83
465,184,0,1.92
465,3,1,25.74
465,108,1,33.37
465,197,0,8.82
466,31,1,33.36
466,142,1,24.94
466,139,1,25.32
466,2,1,26.97
466,80,0,18.39
467,5,1,29.83
467,72,0,29.03
467,41,0,24.1
467,108,0,27.71
467,186,0,1.71
468,18,0,21.82
468,7,0,25.9
468,129,1,27.89
468,113,0,29.05
468,110,0,23.68
469,18,1,33.48
469,134,1,23.73
469,32,1,30.22
469,192,1,9.03
469,86,1,34.4
470,82,0,26.26
470,188,0,2.1
470,198,1,17.19
470,15,1,31.93
470,178,0,2.01
471,125,1,26.05
471,146,1,20.36
471,99,0,29.07
471,155,0,21.53
471,30,1,24.34
472,165,0,7.8
472,22,0,35.97
472,6,0,27.18
472,21,0,43.48
472,94,0,26.78
473,185,0,1.66
473,141,0,27.9
473,150,1,11.42
473,142,1,22.91
473,69,0,26.34
474,116,1,31.5
474,134,1,18.69
474,65,1,29.64
474,195,1,11.5
474,176,0,2.03
475,68,1,20.91
475,154,0,29.53
475,197,0,13.17
475,128,0,22.22
475,103,0,33.25
476,69,1,35.28
476,38,1,24.12
476,37,1,30.11
476,137,0,20.49
476,138,0,29.06
477,108,0,26.33
477,197,0,13.95
477,77,0,30.1
477,147,0,22.5
477,58,1,24.83
478,182,0,1.59
478,170,0,4.21
478,142,1,31.19
478,69,1,29.3
478,7,1,20.21
479,161,0,4.04
479,21,0,34.54
479,191,0,6.21
479,151,0,20.96
479,185,0,1.4
480,154,0,23.2
480,108,1,35.37
480,29,0,18.14
480,170,0,5.81
480,24,0,20.61
481,86,0,35.35
481,113,1,29.39
481,104,1,28.88
481,120,0,34.78
481,65,1,25.39
482,183,1,1.84
482,151,0,34.05
482,121,0,21.91
482,168,0,3.06
482,103,0,29.23
483,191,0,11.6
483,44,0,19.88
483,35,1,13.5
483,1,1,26.21
483,49,1,19.99
484,164,0,6.05
484,196,0,15.38
484,141,0,34.18
484,67,0,30.55
484,129,1,35.22
485,56,0,35.48
485,199,1,11.5
485,167,0,7.91
485,86,0,30.99
485,47,0,37.94
486,65,1,38.01
486,64,1,31.19
486,139,0,34.85
486,17,1,32.08
486,67,0,27.18
487,185,0,1.88
487,8,1,31.42
487,139,1,21.01
487,198,0,7.7
487,164,0,7.86
488,1,1,50.05
488,62,0,48.33
488,167,0,4.83
488,79,0,46.46
488,45,1,51.16
489,6,1,26.76
489,96,1,34.5
489,106,1,33.16
489,10,1,30.61
489,176,0,0.38
490,127,1,31.4
490,40,1,31.37
490,30,1,28.89
490,4,1,40.69
490,71,1,34.59
491,27,1,22.52
491,195,1,15.58
491,21,1,36.17
491,69,1,37.64
491,164,0,8.35
492,136,1,27.9
492,163,0,7.67
492,139,0,35.04
492,10,0,35.84
492,126,1,36.83
493,27,0,32.34
493,160,0,2.28
493,128,1,36.27
493,142,0,36.29
493,26,1,28.48
494,97,0,26.89
494,21,0,30.16
494,168,0,4.79
494,139,1,36.84
494,175,0,1.59
495,136,0,11.22
495,160,0,6.08
495,44,0,26.01
495,149,1,21.43
495,93,0,18.72
496,103,0,32.52
496,192,0,6.78
496,80,0,35.81
496,172,0,6.91
496,22,0,24.86
497,77,0,43.39
497,148,0,26.01
497,29,1,27.35
497,157,1,34.82
497,93,1,26.23
498,132,1,32.1
498,160,0,4.68
498,64,1,22.09
498,46,1,35.15
498,59,0,22.41
499,191,0,9.5
499,175,1,2.38
499,163,0,10.4
499,190,0,8.88
499,118,0,28.46
500,23,0,21.34
500,44,0,28.32
500,56,0,29.79
500,80,0,28.15
500,118,0,27.1
501,126,1,27.76
501,104,1,18.26
501,183,1,1.88
501,45,1,19.35
501,111,1,14.74
502,45,1,35.05
502,145,1,27.9
502,102,1,30.91
502,148,1,23.31
502,62,0,28.01
503,55,0,17.59
503,94,1,27.23
503,165,0,5.57
503,4,1,27.22
503,73,1,28.44
504,98,0,26.27
504,141,0,22.2
504,116,0,29.9
504,181,1,1.9
504,87,1,21.85
505,152,0,20.32
505,85,0,20.31
505,10,0,31.43
505,30,0,27.51
505,72,0,19.07
506,11,1,19.18
506,15,1,24.19
506,118,0,15.37
506,197,0,18.4
506,145,1,24.92
507,80,0,34.26
507,44,1,39.46
507,125,0,35.94
507,77,0,20.94
507,172,0,5.69
508,45,1,32.09
508,68,0,17.69
508,153,0,40.71
508,8,0,27.2
508,134,1,25.79
509,118,0,22.45
509,89,1,24.92
509,97,0,21.33
509,57,1,25.93
509,189,0,0.86
510,32,1,39.14
510,147,1,26.69
510,7,1,39.88
510,194,1,9.05
510,177,0,1.64
511,169,0,5.39
511,4,1,29.56
511,17,0,24.62
511,61,1,32.75
511,15,0,28.76
512,7,0,22.37
512,87,1,18.38
512,68,0,19.8
512,24,0,29.61
512,182,1,2.24
513,160,0,8.61
513,186,0,1.28
513,78,1,29.77
513,19,0,29.41
513,173,0,5.33
514,43,1,23.74
514,32,1,27.43
514,121,1,28.4
514,66,1,32.29
514,34,0,23.63
515,144,0,27.71
515,167,0,3.94
515,10,0,35.39
515,121,1,20.99
515,81,0,36.61
516,48,1,24.29
516,145,0,21.58
516,175,0,1.92
516,84,0,32.38
516,191,1,11.97
517,2,1,30.57
517,14,0,44.68
517,48,1,34.72
517,94,0,36.5
517,159,0,33.4
518,61,1,35.52
518,189,0,1.53
518,59,1,25.34
518,160,0,7.62
518,165,0,10.34
519,166,0,6.56
519,12,1,21.64
519,183,0,1.87
519,21,0,19.91
519,104,1,27.24
520,133,0,31.33
520,30,1,26.05
520,129,0,19.88
520,194,1,5.94
520,134,0,27.79
521,35,1,24.62
521,66,0,23.7
521,111,0,25.14
521,160,0,8.18
521,189,0,1.13
522,144,0,29.85
522,174,0,9.1
522,24,0,20.79
522,175,1,2.11
522,33,0,23.29
523,184,1,1.45
523,160,0,3.02
523,67,1,39.14
523,33,0,36.07
523,176,1,1.13
524,170,0,4.71
524,116,0,24.56
524,153,0,23.28
524,177,1,1.39
524,196,1,8.57
525,39,0,18.73
525,177,1,1.96
525,63,0,22.82
525,120,1,22.76
525,79,0,27.22
526,64,1,28.23
526,180,0,2.06
526,113,1,36.53
526,90,1,42.07
526,168,0,5.48
527,37,0,41.95
527,179,0,1.59
527,129,1,37.72
527,42,0,39.82
527,111,1,25.45
528,161,0,6.75
528,64,1,25.75
528,20,1,39.1
528,97,1,24.09
528,127,0,29.72
529,138,1,19.0
529,48,1,22.73
529,140,1,20.45
529,172,0,5.99
529,120,1,19.1
530,82,1,19.49
530,188,1,0.94
530,183,1,2.06
530,3,1,26.83
530,0,0,33.82
531,29,0,21.92
531,90,0,28.06
531,41,0,29.02
531,176,1,0.74
531,94,0,34.16
532,116,1,17.33
532,124,0,19.82
532,41,0,28.24
532,87,0,23.12
532,42,0,22.08
533,139,0,29.8
533,152,0,36.62
533,62,0,21.66
533,182,0,1.53
533,17,0,31.05
534,187,1,0.4
534,120,1,20.44
534,20,1,39.04
534,141,1,23.7
534,49,0,40.56
535,90,0,38.63
535,193,0,12.42
535,63,0,25.01
535,59,1,34.44
535,149,0,29.06
536,199,0,9.15
536,92,0,32.08
536,126,0,26.38
536,189,1,0.85
536,75,0,28.81
537,74,0,34.24
537,97,0,33.1
537,127,0,32.82
537,88,0,31.67
537,23,0,34.84
538,112,0,16.59
538,151,1,30.74
538,167,0,6.31
538,107,1,32.99
538,150,1,27.99
539,2,0,24.08
539,83,1,22.53
539,94,0,28.01
539,28,0,34.33
539,32,0,29.48
540,115,1,31.38
540,16,1,46.19
540,95,1,33.96
540,146,1,37.75
540,164,0,1.82
541,136,0,32.24
541,48,0,34.95
541,122,0,44.39
541,183,1,1.79
541,184,1,1.03
542,157,1,27.91
542,56,0,36.74
542,117,0,27.25
542,21,1,36.43
542,38,0,42.36
543,145,1,29.07
543,185,1,2.19
543,53,0,35.67
543,128,0,25.7
543,187,1,0.85
544,152,0,22.17
544,6,1,38.68
544,190,1,11.57
544,26,0,32.61
544,104,1,35.35
545,198,1,11.8
545,148,1,36.93
545,124,1,40.29
545,139,1,22.39
545,180,0,2.25
546,77,0,41.49
546,116,1,32.37
546,53,0,30.24
546,80,0,29.95
546,180,0,2.21
547,6,1,23.33
547,105,1,22.66
547,63,1,18.11
547,37,1,12.78
547,19,1,24.26
548,120,1,35.26
548,119,0,43.64
548,57,1,43.78
548,198,0,17.16
548,11,1,30.29
549,47,1,24.91
549,131,1,34.11
549,163,0,2.92
549,186,0,2.24
549,64,1,26.39
550,171,0,7.21
550,43,0,20.5
550,80,1,21.49
550,123,1,27.92
550,122,1,25.93
551,7,0,20.73
551,76,0,19.45
551,169,0,4.23
551,69,0,24.18
551,199,0,7.64
552,96,0,19.53
552,113,1,27.02
552,57,0,19.89
552,198,0,14.74
552,23,0,30.56
553,101,0,18.28
553,148,0,23.3
553,177,1,1.54
553,44,0,26.23
553,128,0,18.68
554,194,1,11.41
554,4,1,30.91
554,139,0,29.47
554,66,1,30.05
554,189,1,1.78
555,22,1,23.55
555,86,1,30.97
555,132,1,27.89
555,189,1,0.63
555,10,1,30.93
556,125,1,31.92
556,12,1,25.1
556,44,1,19.47
556,94,1,31.69
556,116,1,25.31
557,169,0,3.81
557,48,1,23.55
557,47,1,23.83
557,86,1,25.49
557,72,0,25.95
558,133,1,22.73
558,65,1,19.14
558,142,1,30.76
558,91,1,15.29
558,119,1,25.02
559,38,1,37.14
559,185,0,1.36
559,28,0,32.26
559,124,0,34.68
559,58,1,30.5
560,90,0,37.57
560,7,1,24.82
560,172,0,4.16
560,4,1,25.68
560,137,1,33.95
561,140,0,23.56
561,126,0,29.25
561,8,0,28.22
561,68,0,25.86
561,13,0,21.85
562,3,0,16.21
562,35,0,31.74
562,0,1,29.57
562,133,1,29.0
562,1,0,28.9
563,177,0,0.88
563,135,0,36.43
563,197,1,12.03
563,136,0,28.48
563,125,0,34.12
564,66,0,34.73
564,168,0,4.3
564,95,1,20.58
564,195,0,16.57
564,93,1,35.06
565,35,0,30.5
565,50,0,23.76
565,149,0,25.96
565,199,1,8.67
565,148,0,33.68
566,125,0,40.45
566,133,0,31.01
566,155,1,34.67
566,95,0,32.76
566,69,1,21.82
567,82,1,24.07
567,10,0,24.88
567,78,0,18.3
567,7,1,23.8
567,93,0,27.22
568,179,1,1.56
568,192,0,11.39
568,133,1,28.86
568,158,1,32.48
568,134,1,34.06
569,149,0,24.22
569,140,1,23.03
569,66,0,29.68
569,17,1,23.66
569,136,0,19.84
570,29,1,34.0
570,193,0,14.62
570,188,1,1.26
570,155,0,33.19
570,103,0,23.61
571,188,1,2.22
571,163,0,5.83
571,51,1,32.43
571,5,1,30.43
571,131,0,42.09
572,143,0,36.73
572,133,1,35.31
572,129,0,36.71
572,164,0,4.75
572,75,0,29.94
573,10,0,30.77
573,142,1,33.42
573,17,0,26.96
573,37,0,27.49
573,143,0,37.21
574,73,1,30.99
574,184,0,1.72
574,8,1,23.1
574,157,0,28.73
574,12,0,28.88
575,49,0,20.94
575,39,0,19.62
575,64,0,20.19
575,155,0,25.67
575,185,1,2.44
576,65,1,30.53
576,158,1,34.87
576,194,0,11.91
576,150,1,35.25
576,157,0,32.0
577,185,1,1.75
577,68,1,42.28
577,130,0,25.94
577,140,1,35.57
577,99,1,36.89
578,83,1,26.61
578,103,1,26.65
578,184,1,1.88
578,163,0,7.2
578,188,0,0.77
579,159,0,33.61
579,160,0,5.98
579,119,0,31.08
579,116,0,33.02
579,104,0,27.71
580,75,1,32.23
580,157,1,36.92
580,118,0,34.49
580,177,1,2.5
580,172,0,2.49
581,11,1,26.03
581,10,1,37.41
581,177,1,1.69
581,12,1,33.44
581,180,1,1.08
582,161,0,5.95
582,72,0,40.09
582,10,0,34.75
582,193,0,11.66
582,12,1,29.62
583,90,0,25.47
583,110,1,32.1
583,162,0,5.87
583,115,0,27.88
583,123,1,32.02
584,111,1,43.46
584,167,0,4.06
584,123,0,24.73
584,188,1,1.92
584,20,0,41.44
585,186,1,1.65
585,133,1,37.95
585,198,0,13.71
585,58,0,36.32
585,78,0,40.95
586,57,0,26.96
586,167,0,11.04
586,155,1,30.02
586,89,1,30.6
586,100,0,31.17
587,178,0,1.46
587,19,1,33.31
587,99,0,35.92
587,16,0,27.95
587,171,0,7.23
588,30,1,30.71
588,72,1,30.57
588,166,0,6.37
588,51,0,21.45
588,199,1,12.85
589,142,1,30.49
589,13,1,28.86
589,107,1,38.12
589,92,0,23.53
589,112,0,30.06
590,185,1,1.91
590,192,0,14.39
590,3,1,21.18
590,146,1,17.74
590,189,1,2.38
591,115,1,36.72
591,114,1,29.27
591,183,1,2.02
591,191,1,14.19
591,113,1,26.57
592,23,0,34.07
592,197,1,14.23
592,15,1,25.63
592,52,0,30.36
592,175,1,1.57
593,90,0,35.31
593,171,0,4.28
593,177,1,2.24
593,56,1,26.03
593,122,0,42.21
594,0,0,19.05
594,36,0,25.77
594,77,0,19.98
594,100,0,19.91
594,31,0,25.23
595,146,1,18.81
595,73,1,16.13
595,7,1,22.99
595,57,1,18.54
595,176,0,1.61
596,87,0,20.26
596,133,1,36.86
596,125,1,28.3
596,77,1,23.99
596,8,1,25.12
597,64,1,30.21
597,166,0,4.18
597,15,0,30.78
597,46,1,26.47
597,97,1,28.21
598,103,1,27.47
598,138,1,46.47
598,182,1,1.21
598,21,0,34.08
598,141,1,27.65
599,148,1,28.09
599,155,1,20.72
599,95,1,26.0
599,115,1,31.72
599,112,1,14.53
600,55,1,25.92
600,182,1,2.6
600,26,1,32.45
600,24,1,17.51
600,57,1,25.67
601,199,0,14.81
601,193,0,10.78
601,171,0,7.04
601,15,0,34.96
601,194,0,8.87
602,45,0,43.1
602,164,0,5.0
602,34,0,24.5
602,20,0,34.13
602,27,1,31.12
603,165,0,5.74
603,138,0,23.31
603,40,0,34.05
603,73,0,21.63
603,71,0,28.72
604,192,1,8.7
604,47,1,40.67
604,32,1,41.35
604,183,1,1.47
604,182,1,1.32
605,84,1,30.11
605,104,1,37.2
605,180,0,1.78
605,128,1,31.65
605,181,1,0.83
606,40,0,20.5
606,171,0,7.75
606,59,0,19.05
606,32,1,20.2
606,127,0,23.87
607,166,0,5.13
607,36,0,22.59
607,72,1,27.08
607,106,1,29.21
607,131,1,26.31
608,26,1,24.69
608,175,0,1.81
608,114,1,19.75
608,2,0,20.13
608,195,0,9.71
609,56,1,38.18
609,165,0,5.19
609,164,0,8.02
609,92,1,41.18
609,167,0,7.0
610,28,1,33.33
610,29,1,31.03
610,128,0,27.13
610,179,0,2.0
610,192,1,13.85
611,110,0,23.94
611,55,0,23.33
611,134,0,34.69
611,121,1,20.94
611,178,0,1.81
612,16,0,27.0
612,15,1,24.07
612,76,1,29.77
612,52,1,26.88
612,21,0,19.75
613,101,0,26.56
613,24,0,28.98
613,98,0,26.59
613,143,0,23.9
613,121,0,30.85
614,191,1,9.12
614,49,1,37.03
614,62,1,18.69
614,12,1,20.81
614,47,1,22.57
615,34,0,41.45
615,32,0,36.98
615,63,1,41.09
615,15,0,41.97
615,160,0,6.31
616,156,0,43.54
616,198,1,12.67
616,164,0,8.7
616,155,0,38.13
616,197,1,10.11
617,177,0,0.51
617,95,0,28.64
617,108,1,31.79
617,22,0,32.96
617,138,0,30.07
618,162,0,6.92
618,194,1,8.98
618,95,0,23.99
618,110,0,34.52
618,135,0,26.3
619,97,0,24.23
619,138,0,25.9
619,24,0,37.64
619,98,0,30.4
619,53,1,31.45
620,147,0,31.51
620,140,0,43.48
620,52,0,22.82
620,42,0,38.33
620,193,0,17.87
621,8,0,20.3
621,195,0,11.97
621,171,0,6.6
621,151,0,26.52
621,156,0,22.93
622,126,1,39.9
622,46,1,30.83
622,10,1,39.34
622,80,0,35.39
622,35,0,42.56
623,119,0,38.26
623,120,1,33.47
623,81,0,29.61
623,47,0,40.23
623,106,1,39.4
624,105,1,21.42
624,186,1,2.18
624,126,1,13.68
624,70,0,20.5
624,93,1,19.46
625,149,1,18.88
625,199,0,12.95
625,74,0,22.46
625,20,0,30.8
625,48,1,25.28
626,57,1,23.69
626,35,0,31.79
626,104,0,32.41
626,179,0,2.26
626,52,0,41.79
627,138,1,35.71
627,19,1,23.45
627,117,0,39.37
627,157,1,41.02
627,81,0,32.58
628,22,1,25.45
628,85,0,24.77
628,43,0,23.83
628,165,0,2.01
628,170,0,9.33
629,169,0,6.55
629,158,1,27.51
629,159,0,39.76
629,153,1,28.3
629,94,0,33.8
630,59,1,14.53
630,13,1,27.2
630,92,1,26.97
630,87,0,20.52
630,55,0,21.71
631,129,1,32.72
631,154,0,28.2
631,0,0,29.22
631,56,0,29.63
631,178,0,0.91
632,137,0,25.61
632,106,0,25.09
632,24,0,38.93
632,152,0,24.62
632,30,0,26.97
633,181,1,1.45
633,180,1,1.78
633,88,0,24.33
633,97,0,16.22
633,139,1,19.14
634,70,0,31.9
634,194,1,11.02
634,136,0,36.12
634,31,0,37.0
634,28,0,29.82
635,178,1,2.02
635,134,1,18.74
635,85,1,26.54
635,181,1,1.24
635,162,0,4.6
636,78,1,28.27
636,128,0,19.76
636,174,0,4.78
636,38,0,20.97
636,33,0,27.66
637,160,0,5.71
637,87,0,19.74
637,38,0,18.32
637,91,1,21.3
637,42,0,17.95
638,7,1,32.56
638,150,1,29.34
638,71,0,18.6
638,164,0,9.15
638,14,1,29.13
639,141,1,34.38
639,80,1,30.47
639,72,0,33.3
639,180,0,0.46
639,155,1,27.32
640,183,0,1.58
640,87,1,37.31
640,51,1,33.3
640,196,0,14.13
640,92,0,29.03
641,136,1,27.2
641,105,1,19.31
641,43,1,27.98
641,86,1,24.92
641,35,1,20.07
642,173,0,8.14
642,66,0,23.46
642,36,1,21.16
642,63,1,17.18
642,106,1,35.69
643,159,0,31.85
643,70,1,30.78
643,189,0,0.94
643,197,0,10.76
643,121,1,27.79
644,191,1,5.61
644,43,1,24.08
644,42,1,24.5
644,163,0,4.27
644,136,1,24.04
645,28,0,38.07
645,163,0,9.31
645,53,0,41.79
645,122,0,32.76
645,189,1,1.58
646,91,0,25.85
646,28,0,31.87
646,99,0,31.2
646,153,1,37.37
646,73,0,33.25
647,149,1,31.7
647,101,0,24.95
647,43,1,28.35
647,154,1,35.6
647,111,1,39.34
648,86,1,25.84
648,159,0,24.52
648,109,1,29.22
648,107,0,34.96
648,176,1,1.39
649,164,0,8.14
649,137,0,33.69
649,57,0,36.27
649,112,1,31.45
649,53,0,25.63
650,74,0,31.47
650,46,0,46.89
650,82,0,34.13
650,1,1,29.06
650,11,0,40.85
651,78,0,32.94
651,43,1,47.1
651,57,0,43.42
651,191,1,6.74
651,34,0,32.85
652,59,1,27.01
652,92,0,24.06
652,185,0,1.53
652,153,0,32.23
652,85,1,26.56
653,13,1,21.16
653,175,1,1.91
653,173,0,5.9
653,194,1,14.46
653,25,0,28.94
654,184,0,2.63
654,89,1,27.32
654,189,0,1.34
654,119,0,28.11
654,95,1,17.99
655,175,0,0.99
655,161,0,1.12
655,7,1,33.18
655,32,0,34.35
655,29,1,28.74
656,181,0,2.14
656,110,0,39.98
656,125,1,34.91
656,81,1,29.99
656,35,0,40.29
657,30,1,28.21
657,79,1,29.79
657,165,0,8.22
657,173,0,4.89
657,34,0,16.78
658,112,0,27.57
658,198,0,9.65
658,111,0,21.89
658,118,1,27.61
658,184,0,1.28
659,174,0,4.59
659,178,1,1.91
659,99,1,30.88
659,32,0,26.92
659,29,0,33.58
660,17,1,18.05
660,39,0,24.9
660,160,0,3.83
660,198,0,6.93
660,73,0,23.63
661,81,0,45.9
661,7,0,38.43
661,27,0,38.83
661,92,1,39.73
661,143,1,51.06
662,98,0,33.77
662,152,0,29.25
662,198,0,6.76
662,184,1,1.15
662,123,0,20.52
663,82,1,27.51
663,152,0,35.05
663,168,0,5.43
663,169,0,2.96
663,183,0,1.52
664,84,1,35.55
664,183,0,1.53
664,130,1,44.25
664,196,1,14.37
664,18,0,42.26
665,9,1,45.86
665,111,0,38.66
665,183,0,1.38
665,165,0,6.78
665,105,1,36.77
666,20,0,18.64
666,107,1,23.23
666,101,1,19.02
666,21,1,23.72
666,72,0,26.3
667,23,0,30.23
667,148,1,22.07
667,175,1,1.43
667,4,1,37.13
667,178,1,0.69
668,192,0,11.95
668,29,1,27.97
668,63,1,31.3
668,126,1,21.02
668,178,0,0.97
669,188,1,0.48
669,122,1,38.31
669,9,0,33.6
669,168,0,5.92
669,19,0,36.25
670,188,0,1.91
670,108,0,25.46
670,166,0,2.82
670,123,1,27.7
670,132,0,23.17
671,26,1,31.11
671,136,1,19.35
671,23,1,18.04
671,152,0,30.15
671,79,1,26.86
672,54,1,25.58
672,14,1,26.31
672,97,1,31.59
672,125,1,25.92
672,88,1,27.64
673,174,0,5.2
673,150,0,26.39
673,79,0,10.56
673,71,0,23.57
673,13,0,16.42
674,91,1,25.15
674,89,1,29.18
674,56,1,22.5
674,86,0,32.68
674,8,1,26.81
675,104,1,26.69
675,23,1,36.77
675,130,1,32.68
675,102,1,30.73
675,165,0,6.54
676,87,0,33.45
676,173,0,2.35
676,66,0,26.39
676,153,1,26.38
676,115,0,29.84
677,7,0,40.72
677,6,1,24.97
677,24,0,36.4
677,54,0,39.89
677,196,1,9.24
678,30,1,28.59
678,95,0,27.47
678,71,1,10.19
678,73,1,25.58
678,162,0,8.67
679,169,0,7.05
679,95,0,36.5
679,56,1,25.84
679,106,0,34.72
679,43,1,38.2
680,36,1,25.61
680,150,1,25.36
680,38,1,36.72
680,46,1,9.86
680,48,1,23.38
681,184,1,1.82
681,162,0,6.63
681,155,0,30.31
681,63,0,23.83
681,179,0,1.8
682,190,0,13.68
682,129,0,23.89
682,74,1,28.25
682,48,0,32.4
682,80,0,30.27
683,6,0,31.01
683,149,0,23.97
683,21,0,32.11
683,123,0,30.91
683,154,1,24.85
684,199,1,9.45
684,187,0,2.26
684,178,1,1.77
684,83,1,23.98
684,98,1,29.14
685,39,0,25.72
685,153,0,20.3
685,14,1,33.2
685,64,1,35.89
685,93,1,34.05
686,31,0,33.57
686,34,1,25.0
686,62,0,29.51
686,87,1,34.14
686,147,0,22.08
687,150,1,28.97
687,197,1,7.77
687,151,1,32.45
687,46,1,23.33
687,109,1,31.27
688,69,0,26.74
688,163,0,6.96
688,142,0,27.84
688,22,1,32.7
688,99,0,22.76
689,6,1,40.59
689,81,1,35.95
689,4,0,40.22
689,195,0,10.75
689,27,0,40.47
690,87,0,31.41
690,52,0,32.35
690,158,0,27.95
690,58,1,14.55
690,79,0,26.29
691,124,1,26.72
691,71,1,33.13
691,111,0,25.48
691,45,1,27.81
691,25,1,31.69
692,127,0,35.79
692,141,1,44.48
692,175,0,1.1
692,41,1,39.05
692,70,1,35.01
693,156,0,26.13
693,102,0,37.76
693,135,1,25.25
693,197,0,12.62
693,30,1,31.52
694,27,1,28.26
694,47,0,24.3
694,173,0,7.7
694,170,0,4.33
694,162,0,6.04
695,161,0,9.56
695,36,0,15.33
695,150,0,26.83
695,103,0,24.54
695,8,0,26.01
696,85,0,25.34
696,24,1,22.44
696,10,0,27.59
696,26,1,22.61
696,137,1,24.91
697,52,1,36.14
697,78,0,36.88
697,117,1,34.61
697,135,1,25.94
697,16,1,35.43
698,104,0,28.7
698,139,0,31.94
698,38,1,22.39
698,191,1,9.58
698,145,0,31.91
699,32,1,39.32
699,105,0,18.03
699,126,0,24.6
699,118,0,19.64
699,104,0,26.25
700,26,1,36.14
700,74,1,24.15
700,170,0,8.05
700,67,1,26.0
700,10,0,28.96
701,31,1,30.53
701,50,1,19.76
701,180,0,1.99
701,142,1,31.28
701,5,1,22.87
702,58,0,31.08
702,83,0,21.3
702,97,1,35.43
702,94,1,23.41
702,3,0,26.0
703,76,1,48.5
703,43,0,40.11
703,102,1,39.13
703,42,0,36.93
703,191,1,19.17
704,46,0,34.39
704,157,0,29.05
704,150,0,37.57
704,60,1,32.78
704,34,1,28.59
705,63,1,40.35
705,86,0,39.13
705,58,0,37.35
705,52,1,28.22
705,45,0,44.54
706,15,0,30.02
706,182,1,2.13
706,54,1,19.13
706,188,0,1.48
706,162,0,5.91
707,127,0,21.17
707,43,1,23.54
707,91,1,22.33
707,30,0,21.55
707,142,1,26.45
708,92,0,22.53
708,82,0,22.22
708,135,1,28.7
708,37,0,31.17
708,66,0,23.23
709,182,1,2.48
709,22,0,36.62
709,16,0,33.75
709,138,1,30.32
709,61,0,36.49
710,6,0,20.45
710,190,1,14.26
710,19,1,29.4
710,7,0,21.93
710,63,1,23.43
711,88,0,28.6
711,14,1,28.5
711,53,1,37.43
711,58,0,31.25
711,16,0,27.15
712,105,1,20.4
712,172,0,6.48
712,173,0,6.66
712,165,0,7.92
712,132,0,27.67
713,170,0,5.95
713,178,1,2.54
713,59,0,33.31
713,72,1,32.54
713,62,1,34.97
714,61,1,28.23
714,37,1,32.25
714,128,1,28.76
714,51,1,25.8
714,46,1,29.52
715,115,0,35.65
715,22,1,19.08
715,32,1,25.62
715,190,1,13.33
715,54,1,29.76
716,14,1,21.48
716,127,0,24.65
716,0,0,22.5
716,39,1,21.56
716,36,1,29.58
717,158,0,35.21
717,137,0,38.35
717,43,1,34.94
717,10,0,32.55
717,6,0,36.43
718,8,0,36.62
718,199,0,11.06
718,67,1,32.92
718,38,0,21.28
718,165,0,4.06
719,112,1,33.14
719,3,1,27.92
719,55,1,26.26
719,163,0,6.17
719,62,1,21.03
720,94,0,17.75
720,158,0,15.25
720,102,0,23.98
720,138,0,32.5
720,185,0,0.82
721,91,0,29.93
721,155,1,31.8
721,100,1,36.38
721,150,1,34.5
721,177,1,1.35
722,67,0,28.03
722,189,1,1.56
722,130,1,34.08
722,165,0,6.02
722,42,1,31.16
723,64,0,26.55
723,103,0,33.75
723,113,1,23.48
723,173,0,4.79
723,22,1,21.01
724,100,0,32.19
724,65,1,27.91
724,23,0,25.48
724,123,0,34.97
724,95,1,34.01
725,57,0,32.81
725,16,0,20.84
725,13,1,27.91
725,135,0,37.57
725,171,0,3.94
726,11,1,20.73
726,92,1,19.74
726,107,0,23.11
726,108,0,29.9
726,136,0,33.25
727,140,0,24.87
727,172,0,3.5
727,166,0,4.74
727,69,0,31.59
727,71,0,27.35
728,145,0,32.31
728,55,0,33.5
728,5,1,22.68
728,174,0,5.9
728,100,0,30.88
729,54,1,16.32
729,191,1,12.92
729,127,1,27.2
729,165,0,3.25
729,135,0,26.81
730,187,0,1.62
730,104,1,29.51
730,126,0,23.71
730,162,0,3.27
730,82,1,32.33
731,119,1,37.37
731,191,0,12.32
731,104,0,45.45
731,141,1,48.46
731,132,1,50.94
732,196,0,11.15
732,197,0,14.68
732,144,1,26.63
732,148,1,25.94
732,174,0,2.13
733,43,0,32.18
733,161,0,7.1
733,180,0,1.73
733,148,1,39.82
733,176,1,0.99
734,82,1,25.88
734,170,0,6.95
734,25,0,33.3
734,6,0,23.48
734,8,0,20.78
735,0,1,22.83
735,95,0,21.89
735,30,1,24.64
735,193,0,19.4
735,72,1,26.63
736,159,1,26.52
736,9,1,27.42
736,7,0,23.23
736,19,1,36.04
736,195,1,11.33
737,192,0,6.06
737,125,0,38.56
737,92,0,30.3
737,179,1,1.41
737,97,0,27.4
738,152,0,27.75
738,136,1,38.56
738,103,1,40.12
738,120,0,35.15
738,11,0,38.05
739,36,0,24.12
739,84,0,28.34
739,160,0,8.64
739,173,0,5.89
739,147,1,25.58
740,31,0,32.49
740,132,1,28.67
740,75,1,39.13
740,195,0,11.32
740,198,0,11.9
741,149,0,23.33
741,34,0,13.74
741,3,1,22.31
741,152,1,23.2
741,51,1,31.32
742,9,1,31.53
742,160,0,6.75
742,56,1,33.82
742,5,1,21.23
742,171,0,5.29
743,140,0,16.99
743,151,0,26.34
743,148,0,18.72
743,37,0,32.99
743,193,0,11.97
744,112,0,31.19
744,183,0,0.99
744,27,1,25.45
744,129,0,37.16
744,70,1,29.5
745,194,1,11.17
745,108,0,24.11
745,19,0,25.79
745,90,1,21.42
745,163,0,5.61
746,15,1,18.01
746,154,1,19.5
746,125,1,11.61
746,147,1,16.41
746,49,1,34.02
747,24,0,28.72
747,139,0,25.8
747,151,0,24.74
747,8,0,26.39
747,66,0,18.46
748,73,0,29.49
748,39,0,38.98
748,2,0,30.71
748,156,1,23.6
748,104,0,27.32
749,188,0,0.3
749,151,0,30.88
749,144,0,31.1
749,100,0,23.45
749,102,1,32.66
750,66,0,21.34
750,89,1,10.12
750,103,1,24.29
750,197,1,12.68
750,185,1,1.24
751,123,0,35.5
751,81,0,36.09
751,99,0,35.38
751,65,0,42.87
751,77,0,31.34
752,109,0,33.68
752,199,0,13.81
752,54,0,26.18
752,92,0,27.3
752,173,0,7.61
753,16,0,21.8
753,197,1,12.65
753,62,1,35.02
753,81,1,35.29
753,179,1,1.29
754,45,1,27.11
754,131,1,25.35
754,15,0,28.56
754,88,1,16.33
754,77,1,33.73
755,81,1,32.7
755,48,0,36.26
755,185,1,1.56
755,122,0,28.13
755,127,0,27.04
756,113,1,33.73
756,184,1,0.59
756,96,1,22.98
756,31,1,24.64
756,187,1,1.18
757,58,0,29.86
757,45,0,14.81
757,112,0,29.19
757,52,1,31.35
757,44,0,28.7
758,192,0,16.88
758,170,0,6.81
758,50,0,27.43
758,103,0,23.12
758,17,0,15.83
759,107,1,19.4
759,176,0,1.63
759,143,0,32.09
759,5,1,28.62
759,68,1,29.46
760,136,0,23.46
760,144,0,17.21
760,43,1,24.76
760,91,0,22.16
760,10,1,22.85
761,126,1,16.4
761,144,1,30.97
761,134,1,24.09
761,132,1,20.99
761,128,1,11.02
762,109,1,22.65
762,127,0,24.3
762,123,0,24.21
762,15,1,23.66
762,14,1,22.06
763,137,0,23.13
763,45,0,23.01
763,108,1,17.16
763,133,1,17.8
763,154,1,24.27
764,37,1,23.77
764,187,1,1.63
764,21,0,27.12
764,132,0,31.45
764,165,0,5.56
765,188,1,0.74
765,151,1,19.59
765,161,0,5.51
765,64,0,22.34
765,43,1,32.84
766,42,1,27.81
766,47,1,39.0
766,71,1,30.86
766,12,1,36.24
766,188,0,1.02
767,86,0,31.6
767,43,1,22.87
767,21,0,34.83
767,61,0,32.56
767,53,0,26.7
768,70,0,32.05
768,199,1,10.18
768,27,0,31.06
768,64,1,34.27
768,49,1,31.31
769,72,0,30.94
769,100,0,27.78
769,48,0,21.56
769,102,0,28.33
769,120,0,30.29
770,49,1,28.41
770,169,0,7.19
770,0,1,33.77
770,77,1,17.58
770,8,0,13.87
771,91,1,20.69
771,175,1,1.75
771,166,0,5.39
771,24,1,29.87
771,154,1,33.06
772,100,0,28.45
772,107,0,30.56
772,112,1,30.01
772,60,0,31.5
772,111,0,33.39
773,87,0,24.53
773,135,1,28.17
773,181,1,0.74
773,126,1,25.12
773,61,0,23.57
774,78,1,36.05
774,119,0,28.78
774,156,1,17.25
774,77,1,23.26
774,26,0,18.96
775,72,1,28.03
775,140,1,23.61
775,182,1,0.93
775,119,1,27.31
775,135,0,32.38
776,127,1,41.23
776,139,0,31.9
776,55,1,40.35
776,158,0,44.0
776,163,0,4.47
777,122,0,24.31
777,190,0,19.65
777,127,1,34.11
777,40,1,32.41
777,10,0,23.37
778,105,0,31.75
778,75,0,24.76
778,158,0,34.32
778,73,0,35.62
778,191,0,15.39
779,178,0,1.76
779,41,1,28.49
779,168,0,7.73
779,39,1,23.94
779,153,1,36.49
780,191,1,15.0
780,50,1,12.92
780,92,1,18.95
780,48,1,18.68
780,168,0,8.63
781,107,1,33.27
781,108,0,38.7
781,149,1,30.31
781,26,1,34.15
781,46,1,32.26
782,59,0,19.89
782,11,0,20.84
782,67,0,28.76
782,29,0,23.13
782,153,1,22.97
783,24,0,36.97
783,72,0,20.94
783,10,0,28.59
783,188,0,1.54
783,152,0,32.98
784,81,0,34.81
784,181,0,1.35
784,148,0,26.45
784,132,0,26.87
784,137,0,22.49
785,130,1,33.07
785,149,0,40.41
785,29,1,37.46
785,141,1,30.72
785,123,1,31.84
786,28,0,30.49
786,185,1,2.4
786,81,0,26.24
786,126,1,32.51
786,136,1,30.58
787,5,1,26.27
787,69,1,16.89
787,0,1,24.41
787,74,1,24.48
787,37,1,18.93
788,173,0,7.66
788,149,1,28.57
788,24,0,13.42
788,69,1,25.81
788,80,1,21.43
789,116,1,19.38
789,11,0,19.36
789,63,0,31.59
789,174,0,7.48
789,167,0,4.54
790,177,0,1.95
790,59,0,19.31
790,43,0,13.55
790,47,0,23.35
790,58,1,17.68
791,14,0,27.1
791,125,0,21.33
791,137,0,24.62
791,34,0,11.91
791,197,1,15.27
792,53,1,20.79
792,17,1,32.0
792,184,1,0.97
792,155,1,32.32
792,151,1,36.02
793,4,1,36.99
793,73,1,26.94
793,93,1,28.59
793,136,1,29.37
793,172,0,6.19
794,186,0,2.01
794,142,0,15.72
794,167,0,9.53
794,16,0,28.05
794,159,0,24.77
795,37,0,26.4
795,34,1,35.29
795,198,1,9.87
795,7,0,32.27
795,55,0,32.95
796,47,1,34.39
796,193,0,11.03
796,59,0,25.77
796,13,1,24.94
796,93,1,31.87
797,41,0,29.99
797,141,0,23.14
797,191,1,12.17
797,49,0,28.92
797,21,0,25.3
798,148,1,32.16
798,77,1,29.11
798,122,0,33.59
798,199,0,15.73
798,93,1,35.21
799,151,0,24.54
799,142,1,24.14
799,93,1,26.09
799,111,0,19.05
799,164,0,6.38
800,36,0,25.87
800,145,0,30.85
800,2,0,27.65
800,29,0,33.15
800,10,0,33.98
801,189,0,2.12
801,131,0,38.42
801,90,0,33.45
801,104,1,26.72
801,41,0,27.1
802,119,1,27.96
802,165,0,3.15
802,90,1,19.09
802,12,1,26.24
802,127,0,24.78
803,54,1,20.73
803,107,1,19.76
803,185,0,1.73
803,89,1,17.62
803,182,0,2.17
804,198,1,16.01
804,76,1,20.22
804,34,1,18.79
804,122,1,15.79
804,67,1,14.41
805,101,1,27.56
805,135,1,14.59
805,119,0,20.59
805,1,0,23.94
805,186,1,1.53
806,136,1,24.19
806,12,0,22.93
806,53,1,23.5
806,17,1,28.6
806,70,1,31.48
807,137,0,20.95
807,31,0,24.35
807,11,1,21.24
807,157,1,29.53
807,193,0,7.65
808,74,0,24.28
808,161,0,4.67
808,42,1,28.01
808,91,0,33.33
808,167,0,7.94
809,57,1,30.94
809,166,0,7.09
809,44,1,17.58
809,34,1,19.08
809,102,0,30.01
810,122,0,18.73
810,30,0,16.69
810,196,1,13.87
810,190,1,9.35
810,95,0,23.83
811,186,0,1.87
811,48,0,19.13
811,42,1,26.69
811,134,1,23.31
811,154,1,24.05
812,118,1,26.1
812,52,1,15.7
812,85,1,15.45
812,42,1,23.91
812,142,1,22.03
813,174,0,5.86
813,140,0,39.12
813,120,0,30.1
813,157,1,24.04
813,44,0,28.25
814,120,1,35.49
814,188,1,0.83
814,138,0,34.2
814,58,1,26.3
814,134,1,32.84
815,161,0,5.96
815,16,1,27.68
815,74,1,36.94
815,165,0,6.77
815,42,1,19.94
816,9,0,30.68
816,3,0,30.68
816,147,0,36.94
816,167,0,5.94
816,154,0,35.51
817,47,0,23.58
817,16,1,31.13
817,117,0,20.52
817,17,1,30.28
817,178,1,0.93
818,69,1,25.4
818,59,1,28.27
818,111,0,37.49
818,112,0,25.88
818,128,0,21.09
819,148,1,34.54
819,118,1,32.24
819,25,1,32.03
819,53,1,38.49
819,175,1,1.64
820,32,0,27.99
820,63,0,31.42
820,80,0,35.62
820,143,0,36.34
820,83,1,27.27
821,29,1,23.78
821,53,1,21.01
821,79,1,24.38
821,119,1,25.8
821,98,1,13.77
822,34,0,24.34
822,50,0,25.05
822,195,1,10.34
822,115,0,20.83
822,75,0,16.33
823,27,1,24.48
823,138,1,31.35
823,6,1,24.65
823,193,0,11.94
823,11,0,26.08
824,135,1,32.59
824,115,1,23.44
824,66,0,32.11
824,12,1,19.42
824,190,1,13.03
825,63,0,30.61
825,159,0,30.35
825,131,1,28.99
825,103,0,35.79
825,72,0,30.16
826,48,1,28.76
826,170,0,7.04
826,13,0,27.52
826,58,1,27.41
826,55,1,36.98
827,12,0,31.98
827,197,1,12.89
827,181,0,1.35
827,52,0,23.7
827,191,1,10.33
828,20,1,30.04
828,188,0,1.2
828,170,0,8.05
828,21,1,34.16
828,117,0,22.08
829,84,0,35.3
829,180,1,1.63
829,113,0,40.16
829,185,1,1.41
829,90,0,43.89
830,54,0,20.87
830,79,0,22.83
830,134,0,24.06
830,22,0,26.21
830,114,0,24.94
831,198,1,9.86
831,191,1,10.97
831,6,1,29.72
831,69,0,23.85
831,139,0,31.73
832,117,0,31.93
832,110,0,23.34
832,69,0,34.6
832,0,0,34.14
832,40,0,33.39
833,75,0,31.79
833,56,0,23.57
833,15,1,24.94
833,138,0,30.11
833,159,0,32.19
834,9,1,28.77
834,125,1,27.37
834,156,1,27.69
834,19,1,28.66
834,66,1,17.41
835,11,1,24.43
835,83,0,27.0
835,42,1,20.33
835,156,1,28.39
835,56,1,23.46
836,102,1,37.54
836,97,1,26.26
836,149,0,32.5
836,62,1,24.86
836,160,0,5.97
837,193,0,14.08
837,150,0,31.6
837,124,1,26.54
837,136,0,34.71
837,141,1,33.4
838,198,1,12.29
838,122,0,36.99
838,53,0,22.13
838,146,0,34.77
838,37,0,29.68
839,163,0,7.3
839,29,0,32.02
839,36,1,39.5
839,93,1,28.32
839,61,0,33.38
840,199,1,8.8
840,99,1,34.34
840,45,0,36.37
840,151,0,33.45
840,141,0,23.4
841,52,1,14.93
841,177,1,0.65
841,98,1,24.42
841,102,0,25.52
841,180,0,1.39
842,191,0,9.28
842,126,1,22.49
842,134,1,29.96
842,51,0,25.72
842,163,0,8.26
843,1,0,20.07
843,21,0,23.89
843,90,1,20.87
843,42,0,25.4
843,110,0,17.89
844,5,1,19.06
844,53,0,19.58
844,140,0,24.49
844,39,0,22.02
844,163,0,2.53
845,119,0,35.77
845,111,1,34.97
845,88,0,41.03
845,30,1,36.48
845,6,0,31.61
846,173,0,5.11
846,44,1,29.57
846,43,0,32.06
846,123,0,25.83
846,32,1,31.4
847,84,1,22.32
847,87,1,30.81
847,178,0,0.95
847,34,1,19.27
847,36,0,30.02
848,191,1,17.85
848,176,1,1.42
848,45,1,50.1
848,184,1,1.9
848,159,1,40.89
849,80,1,23.57
849,101,1,25.5
849,0,0,27.07
849,28,1,32.97
849,87,1,21.94
850,36,1,28.1
850,197,0,11.85
850,194,0,8.09
850,75,1,21.63
850,80,0,33.87
851,4,1,38.8
851,29,1,34.71
851,13,1,26.06
851,68,1,34.87
851,14,1,41.66
852,122,1,27.74
852,193,0,8.41
852,132,1,33.26
852,84,1,30.82
852,118,1,28.81
853,68,0,22.66
853,86,0,23.13
853,13,0,24.19
853,125,0,20.06
853,145,1,21.81
854,181,1,1.25
854,27,1,22.02
854,140,0,37.24
854,98,0,25.31
854,148,0,22.51
855,30,1,24.9
855,161,0,4.05
855,55,1,31.17
855,23,1,24.21
855,150,0,24.36
856,129,1,24.81
856,40,1,22.08
856,31,0,27.25
856,17,0,23.03
856,15,0,25.97
857,113,0,30.02
857,195,1,10.32
857,193,1,18.44
857,148,0,20.77
857,137,0,21.89
858,119,1,15.32
858,60,1,23.08
858,63,1,26.46
858,80,1,22.89
858,167,0,5.07
859,172,0,5.93
859,173,0,6.82
859,89,1,25.47
859,143,1,24.47
859,187,0,1.69
860,67,0,25.57
860,80,1,16.86
860,196,0,11.25
860,129,0,24.43
860,166,0,5.41
861,46,1,29.96
861,68,0,29.64
861,5,1,33.55
861,102,1,30.43
861,55,1,35.99
862,19,1,24.52
862,102,0,23.13
862,104,0,26.1
862,156,0,26.6
862,93,0,29.97
863,142,1,21.5
863,140,1,20.35
863,109,1,27.31
863,111,1,26.53
863,160,0,5.35
864,67,1,37.41
864,88,1,35.71
864,148,1,30.09
864,120,1,32.87
864,64,0,28.04
865,131,1,24.76
865,6,1,17.91
865,114,0,12.35
865,107,1,29.18
865,46,1,20.12
866,83,1,17.12
866,98,0,18.43
866,194,1,11.49
866,151,1,23.93
866,92,1,30.02
867,136,1,30.58
867,197,1,14.68
867,86,1,27.1
867,115,1,26.89
867,156,0,29.62
868,103,0,24.37
868,99,0,26.28
868,34,1,27.32
868,17,0,33.34
868,107,0,21.14
869,48,0,22.02
869,55,1,29.81
869,113,0,24.06
869,74,1,28.58
869,56,0,20.75
870,49,0,26.45
870,50,0,40.62
870,124,0,39.2
870,29,0,37.86
870,67,1,34.42
871,69,1,30.78
871,131,1,32.79
871,117,1,27.64
871,158,0,30.92
871,31,1,28.0
872,158,1,27.44
872,11,1,20.78
872,65,1,12.75
872,169,0,6.54
872,150,1,24.98
873,51,0,33.08
873,90,0,28.57
873,1,0,30.16
873,109,0,37.09
873,199,1,13.41
874,152,1,22.68
874,21,1,29.43
874,144,1,19.44
874,25,1,22.65
874,172,0,7.77
875,129,1,29.79
875,43,1,27.6
875,56,1,32.79
875,21,0,26.32
875,101,1,18.49
876,12,0,27.19
876,39,1,28.24
876,128,1,25.88
876,74,1,34.64
876,65,1,39.1
877,154,0,31.78
877,159,1,35.91
877,164,0,3.97
877,178,1,1.78
877,176,1,1.9
878,28,1,22.4
878,79,0,23.46
878,136,1,33.81
878,134,1,23.26
878,186,1,0.99
879,160,0,7.15
879,95,1,20.1
879,47,1,24.56
879,163,0,4.86
879,193,0,8.93
880,119,0,25.11
880,160,0,4.73
880,187,0,1.75
880,127,0,32.38
880,165,0,7.08
881,160,0,6.52
881,18,1,36.0
881,29,1,45.2
881,36,0,42.22
881,138,0,46.9
882,2,0,45.72
882,20,0,27.56
882,61,0,22.86
882,94,0,34.87
882,53,0,21.76
883,38,0,17.19
883,98,1,23.51
883,83,1,21.97
883,165,0,5.24
883,7,1,18.42
884,198,0,9.44
884,139,0,30.47
884,67,0,41.58
884,79,1,36.97
884,101,0,34.92
885,161,0,5.33
885,115,0,35.32
885,96,1,19.95
885,86,0,25.1
885,149,1,30.49
886,91,0,24.17
886,24,0,34.41
886,0,0,34.02
886,23,1,30.29
886,61,0,35.95
887,96,0,23.45
887,67,1,25.27
887,184,1,1.01
887,196,0,7.08
887,29,1,29.23
888,119,1,35.04
888,105,0,32.59
888,121,0,38.65
888,9,0,43.12
888,166,0,4.89
889,134,0,28.95
889,58,1,26.95
889,90,0,28.17
889,27,0,32.61
889,157,0,34.06
890,138,1,37.18
890,130,0,32.72
890,159,0,25.59
890,178,0,2.01
890,139,0,33.07
891,181,0,1.7
891,132,1,37.96
891,85,1,15.01
891,92,1,21.87
891,50,1,22.32
892,117,1,21.25
892,148,1,20.97
892,46,1,18.98
892,45,0,24.16
892,14,0,28.56
893,15,1,33.55
893,93,1,34.13
893,75,1,41.48
893,161,0,4.75
893,34,0,31.39
894,193,0,9.74
894,65,0,35.25
894,198,0,11.87
894,144,0,37.06
894,25,1,26.87
895,95,1,34.9
895,137,1,28.2
895,154,0,23.07
895,127,0,26.39
895,76,1,30.44
896,33,1,25.57
896,144,1,33.11
896,13,1,27.3
896,8,0,30.83
896,99,0,20.14
897,198,1,12.48
897,179,1,0.93
897,188,0,1.6
897,147,0,20.72
897,47,0,12.58
898,17,0,25.63
898,167,0,4.43
898,164,0,4.77
898,188,1,1.72
898,178,1,0.73
899,61,1,34.3
899,41,1,33.01
899,117,1,26.94
899,133,1,23.2
899,155,0,22.66
900,169,0,4.27
900,107,0,23.24
900,74,0,24.72
900,84,0,25.96
900,40,0,27.4
901,108,0,25.87
901,1,0,16.13
901,41,1,18.9
901,123,0,16.45
901,161,0,5.84
902,60,1,24.97
902,188,1,2.07
902,7,0,25.34
902,39,1,24.01
902,36,0,19.42
903,28,1,19.43
903,21,0,19.64
903,32,1,24.83
903,166,0,3.91
903,10,1,24.83
904,2,1,36.77
904,87,1,28.8
904,151,1,44.07
904,83,0,43.51
904,122,0,33.41
905,69,1,27.1
905,16,0,23.72
905,143,1,27.08
905,60,1,30.5
905,181,1,1.13
906,52,0,21.82
906,9,1,34.06
906,120,0,25.47
906,45,0,22.02
906,159,0,31.84
907,76,1,22.42
907,53,0,27.7
907,20,0,31.85
907,30,0,19.69
907,7,0,25.57
908,34,1,23.09
908,105,1,21.69
908,27,1,11.93
908,103,0,31.52
908,114,1,31.14
909,38,0,27.54
909,142,0,22.83
909,29,0,31.61
909,75,0,28.99
909,70,0,32.16
910,147,0,30.53
910,158,1,24.8
910,126,1,22.66
910,89,0,21.47
910,134,0,23.13
911,139,0,30.91
911,33,0,24.39
911,173,0,5.15
911,62,0,24.8
911,46,1,25.44
912,56,1,23.34
912,102,1,24.18
912,148,0,24.8
912,8,0,31.01
912,33,0,23.46
913,37,1,32.02
913,174,0,5.89
913,118,1,33.06
913,62,1,39.0
913,36,1,28.32
914,22,1,29.3
914,2,0,31.17
914,113,1,32.62
914,17,0,16.6
914,98,1,23.13
915,52,0,29.59
915,152,1,21.06
915,51,0,20.32
915,103,0,25.87
915,27,0,20.22
916,48,1,25.34
916,16,1,23.84
916,57,0,28.68
916,31,1,26.74
916,70,0,26.65
917,68,0,35.35
917,24,1,25.27
917,95,1,20.29
917,61,1,25.44
917,136,1,33.58
918,128,0,19.63
918,77,0,26.63
918,4,0,21.98
918,155,0,27.07
918,100,0,23.43
919,189,0,1.77
919,60,1,22.46
919,18,1,19.78
919,126,1,34.98
919,104,1,18.19
920,11,1,27.7
920,152,0,29.82
920,110,0,32.4
920,35,1,22.66
920,14,0,28.91
921,175,0,1.98
921,23,1,27.07
921,29,1,41.15
921,38,1,31.5
921,56,1,29.69
922,58,0,32.63
922,67,1,27.19
922,72,0,19.47
922,133,0,28.58
922,129,0,21.34
923,161,0,4.15
923,55,0,30.78
923,81,1,31.5
923,69,0,32.09
923,31,1,25.22
924,126,0,14.87
924,52,0,12.3
924,64,1,24.3
924,167,0,7.93
924,81,0,29.9
925,15,1,29.28
925,154,1,29.86
925,126,1,26.95
925,46,1,29.27
925,129,0,32.26
926,160,0,3.66
926,131,1,34.74
926,190,0,14.51
926,165,0,6.57
926,61,0,35.56
927,150,0,40.15
927,173,0,9.59
927,67,1,39.18
927,152,0,39.91
927,89,1,36.21
928,174,0,8.85
928,179,1,1.78
928,164,0,4.62
928,132,0,38.77
928,112,0,29.03
929,148,1,19.64
929,43,1,20.34
929,117,1,20.03
929,180,0,0.68
929,158,1,23.41
930,89,1,20.12
930,121,1,27.52
930,25,0,32.1
930,96,0,24.85
930,82,1,30.85
931,53,1,29.23
931,150,1,22.96
931,91,1,35.38
931,5,1,30.51
931,152,1,29.32
932,46,1,33.95
932,75,0,37.25
932,97,1,40.32
932,51,0,37.92
932,14,0,42.78
933,54,1,32.43
933,199,1,6.5
933,107,1,38.13
933,177,0,1.61
933,160,0,6.17
934,160,0,5.1
934,83,0,33.0
934,182,1,1.41
934,99,0,13.38
934,63,0,26.47
935,126,0,42.86
935,184,1,2.39
935,86,0,33.56
935,28,0,44.24
935,104,1,29.93
936,124,1,36.27
936,47,0,33.84
936,129,0,29.92
936,0,1,33.22
936,155,1,22.54
937,110,0,21.56
937,115,0,21.24
937,136,0,17.01
937,193,0,13.77
937,191,0,9.94
938,40,1,37.42
938,15,1,32.94
938,132,1,30.76
938,22,1,31.91
938,24,0,41.76
939,152,1,32.01
939,164,0,8.14
939,182,1,2.01
939,172,0,8.84
939,173,0,6.62
940,15,0,41.27
940,11,0,39.52
940,5,1,42.23
940,7,1,45.94
940,161,0,8.68
941,126,1,20.72
941,71,0,16.03
941,87,1,18.01
941,0,0,29.62
941,113,0,23.9
942,17,1,24.63
942,85,0,33.37
942,158,1,37.43
942,26,1,24.89
942,29,1,26.39
943,139,1,24.32
943,179,0,2.07
943,94,1,23.65
943,13,0,23.23
943,83,0,27.7
944,40,0,26.89
944,96,0,29.19
944,46,0,30.25
944,155,0,32.22
944,150,0,13.63
945,17,0,21.87
945,186,1,1.55
945,64,1,26.87
945,125,0,33.05
945,169,0,4.97
946,186,0,0.98
946,5,0,33.31
946,188,0,2.12
946,23,0,32.4
946,90,1,40.12
947,133,0,17.69
947,34,1,28.34
947,112,0,23.95
947,42,0,26.64
947,98,0,28.61
948,110,0,27.08
948,78,1,41.17
948,3,0,38.02
948,187,0,2.03
948,133,0,37.19
949,185,1,1.78
949,45,0,25.82
949,56,0,21.65
949,150,0,21.06
949,167,0,5.75
950,73,0,29.37
950,160,0,6.78
950,126,1,42.47
950,108,1,46.09
950,133,0,38.4
951,153,0,35.9
951,122,1,35.35
951,3,0,39.64
951,19,0,32.61
951,120,0,33.54
952,104,1,16.01
952,70,1,30.22
952,1,1,26.57
952,135,1,26.9
952,147,0,29.26
953,42,0,41.5
953,157,0,39.55
953,41,0,23.78
953,16,0,36.19
953,44,0,36.04
954,100,1,22.81
954,7,1,15.63
954,4,1,37.15
954,30,1,26.53
954,147,1,29.06
955,57,1,30.19
955,192,1,10.42
955,130,1,31.42
955,32,0,28.43
955,113,1,42.16
956,155,0,33.28
956,91,1,34.41
956,165,0,7.51
956,101,0,33.72
956,136,0,30.04
957,67,1,23.37
957,16,1,26.95
957,8,1,31.07
957,112,1,31.66
957,137,1,33.51
958,90,1,15.25
958,42,1,21.49
958,171,0,6.33
958,48,1,25.31
958,163,0,5.77
959,191,1,13.76
959,51,0,26.58
959,46,0,25.21
959,121,0,27.85
959,4,0,26.13
960,18,0,25.24
960,110,0,24.58
960,1,1,27.75
960,24,0,27.4
960,102,0,34.33
961,138,0,32.91
961,132,0,34.16
961,172,0,6.76
961,14,0,29.68
961,161,0,7.9
962,153,1,24.01
962,177,1,1.11
962,88,1,21.26
962,23,1,24.52
962,99,1,25.87
963,6,1,34.54
963,197,0,9.54
963,136,1,39.05
963,149,1,38.27
963,147,1,29.49
964,80,1,40.53
964,26,1,34.87
964,120,1,33.02
964,46,1,32.42
964,0,1,34.74
965,53,1,25.33
965,175,1,0.91
965,28,1,28.7
965,143,1,20.35
965,45,1,21.68
966,102,1,20.46
966,79,1,22.12
966,23,1,14.7
966,122,1,20.51
966,99,1,22.28
967,193,1,10.06
967,32,1,35.47
967,167,0,8.37
967,130,1,28.98
967,38,1,34.85
968,137,1,28.5
968,29,1,18.45
968,190,1,10.34
968,97,1,24.81
968,109,0,29.94
969,195,1,6.8
969,76,0,16.49
969,84,0,25.83
969,157,1,29.5
969,144,0,25.57
970,49,0,33.44
970,76,1,42.72
970,67,0,35.61
970,26,1,38.35
970,118,0,30.99
971,123,0,21.01
971,172,0,5.22
971,60,0,22.65
971,117,0,24.94
971,7,1,23.36
972,44,1,18.54
972,38,0,26.36
972,11,0,12.54
972,162,0,8.4
972,157,0,18.55
973,156,0,24.11
973,55,0,20.18
973,23,0,29.74
973,117,1,20.76
973,166,0,8.26
974,170,0,5.49
974,196,1,11.76
974,175,1,1.71
974,8,1,45.3
974,38,1,39.75
975,176,0,1.76
975,135,1,25.06
975,187,1,2.21
975,156,1,21.94
975,160,0,5.73
976,145,0,30.08
976,125,0,34.26
976,17,1,20.14
976,5,0,28.14
976,198,1,11.4
977,96,0,28.6
977,176,0,1.41
977,70,1,27.83
977,196,1,10.92
977,99,1,29.86
978,177,0,1.88
978,1,0,30.19
978,163,0,6.36
978,172,0,2.18
978,107,0,25.57
979,82,1,19.96
979,120,1,23.98
979,63,1,27.39
979,88,1,22.99
979,155,1,23.72
980,104,1,30.33
980,140,0,32.46
980,133,1,29.25
980,197,0,8.69
980,109,1,33.22
981,68,0,29.95
981,16,1,29.91
981,184,1,1.25
981,22,1,28.98
981,70,0,20.29
982,74,1,20.73
982,29,1,17.76
982,6,1,23.25
982,84,0,27.0
982,85,1,20.03
983,122,1,46.6
983,20,0,21.46
983,129,1,34.48
983,71,1,36.03
983,121,0,27.31
984,160,0,8.15
984,198,1,11.01
984,31,1,26.82
984,182,1,0.74
984,86,1,19.62
985,136,1,38.26
985,78,0,41.1
985,90,0,41.47
985,108,1,38.02
985,116,0,38.31
986,123,0,26.7
986,20,1,32.44
986,172,0,6.14
986,46,1,31.49
986,195,0,18.2
987,145,0,34.92
987,5,1,39.43
987,87,0,34.03
987,73,0,38.22
987,25,0,36.25
988,52,0,28.86
988,177,0,1.6
988,63,0,32.64
988,135,1,30.71
988,67,1,25.69
989,20,1,19.71
989,58,0,33.46
989,104,1,36.21
989,70,1,26.83
989,66,1,24.93
990,37,1,23.15
990,149,1,17.91
990,21,1,29.89
990,69,0,28.23
990,114,0,22.53
991,55,0,31.1
991,15,1,27.89
991,199,1,14.99
991,77,1,32.36
991,66,1,20.44
992,135,1,19.39
992,151,0,30.77
992,180,1,1.75
992,22,1,22.18
992,86,0,25.73
993,72,1,32.77
993,70,0,37.22
993,75,0,38.25
993,193,0,11.2
993,149,0,21.02
994,23,1,34.76
994,72,1,37.59
994,117,1,36.46
994,118,1,34.72
994,4,0,35.7
995,108,1,42.2
995,165,0,4.25
995,92,1,23.04
995,123,1,32.29
995,104,1,31.26
996,157,1,37.65
996,179,0,2.23
996,41,1,36.11
996,68,0,47.62
996,85,0,41.51
997,131,0,38.98
997,6,0,27.56
997,164,0,3.03
997,121,0,37.32
997,105,0,38.07
998,25,1,35.46
998,143,0,26.74
998,58,1,27.32
998,71,1,34.54
998,70,1,33.86
999,1,1,24.99
999,14,1,27.13
999,141,1,34.25
999,106,1,30.66
999,198,1,13.94
1000,87,1,20.73
1000,149,1,26.39
1000,144,1,19.12
1000,31,1,29.17
1000,24,1,27.95
1001,61,0,26.99
1001,197,1,8.01
1001,22,1,35.81
1001,2,1,34.08
1001,134,0,27.14
1002,0,1,33.77
1002,25,1,19.08
1002,58,0,18.04
1002,7,1,21.32
1002,187,1,1.46
1003,109,1,31.7
1003,112,1,33.72
1003,153,0,27.73
1003,13,0,29.3
1003,96,1,40.1
1004,145,0,31.0
1004,56,1,23.39
1004,154,0,16.54
1004,127,0,20.48
1004,71,0,28.68
1005,61,1,30.25
1005,25,1,31.95
1005,185,1,1.8
1005,52,0,32.52
1005,149,0,30.22
1006,98,1,35.87
1006,96,0,17.98
1006,99,1,26.65
1006,100,1,28.11
1006,162,0,4.28
1007,153,1,30.06
1007,169,0,7.16
1007,25,0,20.81
1007,45,1,28.96
1007,186,0,1.09
1008,137,0,25.8
1008,132,1,20.88
1008,2,0,21.99
1008,32,1,28.37
1008,156,1,19.85
1009,95,0,27.64
1009,58,1,33.76
1009,117,1,43.34
1009,87,1,44.48
1009,10,1,41.96
1010,180,0,0.84
1010,157,0,27.6
1010,32,1,22.55
1010,57,0,37.6
1010,105,1,38.63
1011,44,1,22.95
1011,135,0,21.58
1011,166,0,5.58
1011,98,1,24.24
1011,153,1,17.68
1012,109,0,42.06
1012,88,0,44.18
1012,24,0,39.23
1012,163,0,6.54
1012,5,0,37.15
1013,142,0,25.93
1013,155,0,34.3
1013,169,0,8.61
1013,143,0,36.46
1013,17,0,39.42
1014,75,1,31.29
1014,47,1,41.73
1014,22,0,22.6
1014,108,1,28.66
1014,141,0,28.22
1015,39,1,18.19
1015,94,1,26.45
1015,84,0,21.7
1015,66,0,18.71
1015,15,1,24.86
1016,17,1,21.14
1016,143,0,24.56
1016,27,1,21.27
1016,107,0,18.94
1016,100,0,30.48
1017,190,0,12.35
1017,9,0,27.35
1017,59,1,25.2
1017,20,0,16.68
1017,135,0,27.99
1018,69,0,22.77
1018,92,0,19.52
1018,171,0,6.89
1018,188,0,1.97
1018,72,0,24.42
1019,134,0,31.44
1019,195,1,12.18
1019,102,1,33.52
1019,80,1,27.15
1019,147,1,26.35
1020,166,0,6.2
1020,68,1,28.98
1020,186,1,1.62
1020,45,1,28.78
1020,16,0,25.3
1021,48,1,28.32
1021,154,0,31.48
1021,168,0,8.0
1021,167,0,5.57
1021,24,1,33.01
1022,42,0,25.6
1022,146,1,33.58
1022,33,1,24.91
1022,134,1,23.5
1022,164,0,4.46
1023,53,1,23.34
1023,183,1,1.78
1023,198,0,12.99
1023,82,1,27.85
1023,123,1,25.42
1024,198,1,8.32
1024,75,0,19.42
1024,72,0,20.41
1024,193,1,10.99
1024,17,1,28.82
1025,106,0,31.91
1025,131,0,27.7
1025,165,0,7.0
1025,104,1,33.07
1025,133,0,31.74
1026,131,0,35.6
1026,118,1,36.93
1026,193,0,12.18
1026,20,1,30.3
1026,155,0,41.17
1027,74,0,23.68
1027,119,0,30.0
1027,55,0,22.32
1027,49,1,34.57
1027,71,1,34.44
1028,195,1,14.09
1028,94,1,25.93
1028,147,0,24.92
1028,29,1,18.17
1028,138,0,26.4
1029,110,0,22.3
1029,70,0,27.01
1029,97,0,27.89
1029,6,1,36.3
1029,72,1,31.48
1030,53,0,24.41
1030,193,0,5.84
1030,170,0,5.51
1030,69,0,27.78
1030,45,1,24.44
1031,58,0,27.53
1031,47,0,27.48
1031,116,0,31.29
1031,86,0,30.05
1031,21,0,25.95
1032,116,0,39.33
1032,148,1,37.97
1032,88,1,23.49
1032,186,0,1.73
1032,170,0,7.82
1033,45,0,34.95
1033,194,1,13.16
1033,17,0,40.33
1033,155,1,35.47
1033,20,1,25.98
1034,122,0,28.56
1034,183,1,1.88
1034,197,1,11.49
1034,156,0,26.48
1034,43,0,25.32
1035,196,0,13.55
1035,177,0,1.68
1035,162,0,5.17
1035,123,0,32.88
1035,144,1,31.42
1036,47,1,25.91
1036,66,1,22.32
1036,72,1,20.9
1036,137,1,30.22
1036,41,0,18.96
1037,77,0,22.34
1037,139,0,19.69
1037,196,1,12.52
1037,197,1,13.87
1037,171,0,3.44
1038,175,0,0.88
1038,191,0,13.17
1038,118,0,25.45
1038,45,0,25.55
1038,174,0,9.11
1039,169,0,5.32
1039,162,0,6.48
1039,23,1,29.31
1039,141,0,19.1
1039,156,0,22.24
1040,195,0,11.42
1040,131,1,26.01
1040,15,1,21.74
1040,173,0,3.91
1040,178,0,1.36
1041,20,1,22.53
1041,32,1,25.5
1041,21,1,26.96
1041,67,0,34.56
1041,36,1,26.75
1042,175,1,2.05
1042,59,1,36.19
1042,86,0,30.75
1042,84,1,42.51
1042,108,1,25.19
1043,59,0,35.94
1043,107,0,38.56
1043,193,1,16.86
1043,141,0,33.97
1043,58,1,28.15
1044,38,1,38.36
1044,160,0,5.94
1044,104,0,36.74
1044,80,0,33.08
1044,24,1,32.88
1045,119,1,35.86
1045,117,0,38.14
1045,71,0,22.61
1045,74,0,28.74
1045,63,0,27.68
1046,111,0,26.73
1046,11,0,26.92
1046,34,1,30.57
1046,196,1,12.17
1046,127,1,28.78
1047,61,1,42.0
1047,135,0,29.99
1047,116,0,40.16
1047,0,0,23.39
1047,83,1,33.89
1048,79,1,21.42
1048,81,1,16.38
1048,117,1,23.09
1048,147,1,22.9
1048,131,1,16.42
1049,159,0,29.41
1049,98,0,28.19
1049,138,0,18.21
1049,80,1,36.3
1049,199,1,12.23
1050,52,0,28.19
1050,129,1,30.5
1050,111,0,34.07
1050,190,1,12.46
1050,61,1,26.43
1051,157,0,20.67
1051,138,1,24.19
1051,24,0,35.33
1051,71,0,38.42
1051,130,0,24.22
1052,25,0,16.43
1052,72,1,26.83
1052,131,1,24.63
1052,180,1,1.7
1052,156,1,28.56
1053,75,1,26.61
1053,82,0,27.4
1053,173,0,6.73
1053,65,1,35.79
1053,72,1,34.38
1054,52,0,17.79
1054,85,0,26.79
1054,16,1,19.83
1054,147,1,29.57
1054,156,0,27.08
1055,24,0,25.4
1055,171,0,7.66
1055,100,1,29.5
1055,42,1,27.94
1055,137,0,33.08
1056,69,0,28.9
1056,90,0,21.02
1056,164,0,5.99
1056,3,1,22.32
1056,87,0,15.7
1057,13,1,29.78
1057,67,0,22.73
1057,132,1,20.37
1057,98,1,31.63
1057,50,1,40.94
1058,123,0,24.68
1058,145,1,34.11
1058,158,1,32.82
1058,28,0,32.77
1058,21,0,25.2
1059,38,0,29.91
1059,77,0,23.69
1059,114,1,27.61
1059,104,0,28.81
1059,87,0,26.84
1060,100,1,30.76
1060,64,1,19.46
1060,111,1,27.52
1060,136,0,28.75
1060,22,1,30.39
1061,162,0,6.51
1061,187,0,1.19
1061,92,1,39.65
1061,6,0,34.96
1061,93,1,34.3
1062,120,0,21.04
1062,124,0,15.0
1062,71,1,13.62
1062,45,0,8.86
1062,122,0,26.79
1063,54,1,28.79
1063,40,1,29.83
1063,77,1,33.65
1063,96,0,36.02
1063,126,1,30.64
1064,181,1,1.27
1064,84,0,34.55
1064,131,0,33.35
1064,185,0,1.62
1064,46,1,27.42
1065,70,1,45.04
1065,52,0,41.5
1065,6,1,43.09
1065,144,0,29.27
1065,146,1,44.02
1066,131,0,27.89
1066,82,0,35.69
1066,117,1,38.83
1066,76,0,21.64
1066,127,1,38.18
1067,76,1,23.24
1067,101,0,17.49
1067,26,1,34.79
1067,89,1,23.44
1067,162,0,7.57
1068,194,0,14.1
1068,25,0,21.93
1068,62,0,28.22
1068,16,1,26.17
1068,135,1,29.13
1069,75,1,23.67
1069,41,0,37.07
1069,187,0,1.93
1069,186,0,2.23
1069,46,0,33.44
1070,180,0,1.76
1070,192,1,14.68
1070,1,1,29.71
1070,39,1,35.04
1070,55,0,33.42
1071,132,0,31.41
1071,81,1,41.98
1071,3,1,33.02
1071,63,0,32.78
1071,117,0,39.64
1072,169,0,6.13
1072,126,0,28.35
1072,190,1,8.72
1072,46,1,25.22
1072,86,1,34.23
1073,77,1,17.25
1073,61,0,23.85
1073,50,1,22.25
1073,37,1,36.51
1073,32,0,27.85
1074,144,0,36.7
1074,31,0,27.04
1074,168,0,5.07
1074,166,0,6.38
1074,115,1,31.21
1075,183,1,2.06
1075,144,1,26.48
1075,86,0,23.26
1075,153,0,22.02
1075,11,0,31.91
1076,160,0,5.2
1076,34,1,23.82
1076,144,1,35.4
1076,152,1,22.54
1076,36,1,21.65
1077,15,0,36.16
1077,145,0,22.46
1077,16,1,24.53
1077,12,0,24.69
1077,39,0,24.54
1078,24,0,28.87
1078,125,0,37.26
1078,30,0,32.65
1078,4,1,24.05
1078,170,0,7.59
1079,41,1,23.73
1079,66,0,27.35
1079,92,1,31.36
1079,189,1,1.08
1079,51,1,33.82
1080,192,1,6.89
1080,156,1,28.37
1080,145,1,28.36
1080,168,0,4.81
1080,88,1,23.07
1081,55,1,17.76
1081,19,1,31.42
1081,26,1,14.78
1081,14,1,33.0
1081,47,1,19.28
1082,101,1,25.24
1082,60,1,29.67
1082,114,1,29.8
1082,34,0,25.22
1082,30,1,24.46
1083,110,0,30.2
1083,90,0,37.67
1083,195,1,12.63
1083,149,1,48.35
1083,47,1,27.53
1084,143,0,29.07
1084,4,0,29.47
1084,23,0,34.02
1084,73,0,34.4
1084,185,0,1.1
1085,194,0,11.31
1085,137,1,31.0
1085,48,0,33.75
1085,125,1,32.95
1085,86,1,33.16
1086,111,0,32.29
1086,45,1,34.16
1086,51,1,43.02
1086,123,0,40.61
1086,116,1,43.46
1087,114,0,41.15
1087,12,1,41.3
1087,174,0,6.32
1087,90,0,28.99
1087,62,0,24.08
1088,13,1,22.5
1088,180,0,1.33
1088,143,1,19.15
1088,192,0,11.01
1088,111,0,17.9
1089,74,0,38.82
1089,123,0,30.17
1089,77,1,37.09
1089,113,1,25.69
1089,57,1,26.29
1090,190,0,8.53
1090,123,1,24.93
1090,51,1,19.16
1090,11,1,34.3
1090,30,1,31.04
1091,171,0,7.76
1091,89,1,32.0
1091,36,0,37.34
1091,20,1,19.51
1091,21,0,34.38
1092,82,0,22.27
1092,176,1,2.0
1092,40,1,32.38
1092,116,1,21.24
1092,170,0,4.53
1093,60,0,29.86
1093,18,1,36.82
1093,11,0,29.19
1093,175,1,1.15
1093,157,1,38.7
1094,38,0,34.96
1094,109,0,37.72
1094,29,1,32.4
1094,79,1,31.75
1094,94,0,31.06
1095,37,0,23.65
1095,23,0,11.77
1095,123,0,24.57
1095,192,1,8.47
1095,27,0,30.44
1096,90,1,30.02
1096,97,1,39.81
1096,72,1,19.57
1096,179,0,2.73
1096,190,0,9.05
1097,177,1,1.51
1097,175,1,1.1
1097,32,1,27.47
1097,31,1,36.9
1097,98,1,38.02
1098,125,0,36.1
1098,88,0,26.5
1098,73,0,18.41
1098,16,1,29.66
1098,104,0,42.36
1099,15,0,28.57
1099,24,0,31.19
1099,87,1,35.95
1099,28,0,32.58
1099,69,1,43.54
1100,121,0,29.33
1100,10,0,34.79
1100,30,0,18.22
1100,137,0,28.27
1100,86,0,31.43
1101,46,0,22.96
1101,158,0,22.62
1101,7,0,22.3
1101,30,0,26.59
1101,118,0,25.7
1102,6,1,20.8
1102,172,0,1.9
1102,117,0,23.22
1102,185,0,2.22
1102,122,1,32.87
1103,130,0,36.3
1103,18,0,36.64
1103,105,0,37.39
1103,137,0,36.64
1103,2,0,31.96
1104,197,0,9.46
1104,89,0,32.56
1104,4,0,27.67
1104,125,0,33.99
1104,80,0,35.55
1105,179,1,1.1
1105,67,0,24.01
1105,185,1,1.43
1105,190,1,9.44
1105,135,0,21.16
1106,125,0,27.36
1106,29,0,17.68
1106,157,1,35.13
1106,54,0,32.03
1106,63,0,21.29
1107,32,0,19.86
1107,157,1,11.78
1107,134,0,22.88
1107,16,1,20.97
1107,130,1,32.9
1108,119,0,23.49
1108,144,1,22.94
1108,70,1,23.73
1108,39,1,27.89
1108,42,1,26.26
1109,93,0,23.79
1109,162,0,4.35
1109,197,1,12.53
1109,189,0,1.78
1109,18,0,18.36
1110,32,1,38.61
1110,158,0,28.19
1110,19,0,37.53
1110,195,0,4.86
1110,115,1,37.24
1111,61,1,27.75
1111,96,0,30.43
1111,16,1,25.96
1111,161,0,7.94
1111,159,1,33.36
1112,113,1,26.94
1112,64,1,21.22
1112,135,1,29.62
1112,63,0,28.48
1112,109,0,21.38
1113,38,0,27.89
1113,123,0,26.06
1113,49,1,23.47
1113,83,0,23.3
1113,121,0,25.61
1114,22,0,20.97
1114,90,0,24.06
1114,147,1,24.14
1114,113,1,15.95
1114,164,0,4.4
1115,155,1,25.84
1115,39,0,24.51
1115,35,0,22.35
1115,142,0,23.13
1115,77,0,27.63
1116,192,1,10.02
1116,72,0,12.94
1116,185,0,1.59
1116,133,1,23.47
1116,92,1,24.58
1117,159,1,26.42
1117,73,0,37.04
1117,199,1,7.65
1117,23,1,26.53
1117,187,0,1.7
1118,117,1,30.57
1118,86,1,19.5
1118,15,1,32.99
1118,156,1,31.99
1118,190,1,8.7
1119,150,0,23.17
1119,86,0,15.01
1119,83,0,27.15
1119,81,0,25.4
1119,85,1,19.11
1120,130,0,22.77
1120,189,0,1.5
1120,116,0,22.61
1120,155,0,31.22
1120,142,1,27.69
1121,12,0,29.5
1121,168,0,3.76
1121,190,1,13.75
1121,45,0,29.58
1121,144,1,36.41
1122,79,1,29.3
1122,29,0,30.96
1122,111,0,29.18
1122,16,0,24.58
1122,135,0,26.59
1123,135,0,28.66
1123,122,0,31.68
1123,131,0,25.03
1123,139,0,25.26
1123,90,0,26.22
1124,171,0,7.42
1124,167,0,6.6
1124,195,1,9.95
1124,10,1,24.42
1124,129,0,23.9
1125,186,1,2.05
1125,142,1,25.38
1125,50,0,29.27
1125,175,1,2.15
1125,8,1,10.76
1126,106,1,34.74
1126,58,0,30.88
1126,181,0,1.76
1126,56,0,26.29
1126,166,0,5.98
1127,140,0,34.98
1127,12,1,33.7
1127,44,1,27.46
1127,47,1,36.69
1127,107,1,27.69
1128,83,1,24.46
1128,90,1,29.38
1128,40,1,32.58
1128,53,1,24.05
1128,175,0,1.05
1129,193,1,13.37
1129,87,1,34.47
1129,74,1,34.74
1129,154,1,44.31
1129,100,0,35.48
1130,178,1,1.16
1130,19,0,34.52
1130,119,1,27.7
1130,78,1,24.6
1130,17,0,19.61
1131,61,0,40.33
1131,8,1,33.47
1131,87,1,47.11
1131,53,1,32.39
1131,58,1,29.05
1132,194,1,6.04
1132,165,0,8.97
1132,150,0,36.29
1132,166,0,6.7
1132,34,1,29.17
1133,139,1,23.65
1133,178,1,2.53
1133,36,1,22.53
1133,46,1,15.49
1133,84,1,18.97
1134,44,1,19.11
1134,161,0,9.1
1134,50,1,34.17
1134,104,1,27.78
1134,180,1,1.94
1135,126,1,35.1
1135,148,1,39.08
1135,141,0,33.19
1135,2,1,28.68
1135,140,1,34.4
1136,28,1,30.85
1136,179,1,1.02
1136,137,1,23.21
1136,171,0,4.88
1136,162,0,6.07
1137,50,1,28.07
1137,67,0,33.3
1137,133,0,32.07
1137,12,0,24.68
1137,127,0,27.12
1138,67,1,21.2
1138,169,0,6.01
1138,179,0,1.6
1138,116,1,24.93
1138,76,1,29.54
1139,85,1,28.69
1139,4,1,28.88
1139,99,1,35.07
1139,173,0,6.78
1139,154,0,29.22
1140,199,1,10.39
1140,171,0,6.85
1140,127,1,21.4
1140,187,1,1.57
1140,174,0,5.23
1141,67,0,28.64
1141,178,0,1.23
1141,124,0,36.12
1141,19,0,35.58
1141,137,1,32.46
1142,71,1,25.15
1142,63,1,28.56
1142,79,1,28.58
1142,92,1,24.39
1142,172,0,3.51
1143,126,0,30.33
1143,34,1,39.03
1143,189,1,1.53
1143,177,0,1.72
1143,41,1,22.56
1144,94,1,31.72
1144,59,0,33.39
1144,73,1,40.15
1144,83,0,39.77
1144,44,0,37.66
1145,118,0,31.72
1145,110,0,36.65
1145,171,0,3.41
1145,64,0,21.07
1145,90,0,32.28
1146,189,1,1.63
1146,180,1,1.57
1146,66,0,16.71
1146,98,1,27.04
1146,26,1,25.88
1147,55,0,22.25
1147,78,1,21.95
1147,164,0,7.46
1147,181,1,1.39
1147,66,1,21.68
1148,140,0,28.49
1148,10,1,27.08
1148,106,1,38.33
1148,49,1,35.97
1148,56,1,30.76
1149,5,1,38.8
1149,186,0,1.65
1149,184,1,2.43
1149,181,0,2.74
1149,112,1,35.19
1150,192,0,13.37
1150,3,0,34.98
1150,133,1,40.1
1150,93,0,39.98
1150,136,0,33.82
1151,169,0,6.99
1151,142,0,33.3
1151,102,1,28.59
1151,157,0,31.25
1151,160,0,8.61
1152,109,0,29.05
1152,23,1,19.61
1152,131,0,26.47
1152,50,0,18.63
1152,8,0,34.36
1153,176,0,1.51
1153,69,1,33.19
1153,74,1,38.03
1153,122,0,32.9
1153,82,1,38.65
1154,106,0,26.51
1154,110,1,17.11
1154,195,0,17.74
1154,155,0,23.55
1154,115,0,24.97
1155,43,0,24.83
1155,118,1,33.62
1155,180,0,1.24
1155,92,1,17.38
1155,76,0,19.01
1156,16,0,37.26
1156,131,0,33.21
1156,50,0,35.09
1156,184,1,1.71
1156,34,1,30.26
1157,128,1,20.33
1157,65,0,31.76
1157,10,1,23.72
1157,191,1,2.86
1157,59,1,28.75
1158,90,1,27.6
1158,149,0,32.77
1158,167,0,7.58
1158,71,0,22.79
1158,133,0,25.98
1159,193,1,13.57
1159,183,0,0.97
1159,88,0,27.72
1159,35,0,26.07
1159,73,1,29.02
1160,140,1,31.83
1160,32,1,28.63
1160,167,0,7.19
1160,137,1,33.63
1160,52,0,34.61
1161,49,0,37.58
1161,96,0,28.93
1161,15,1,39.79
1161,29,0,31.99
1161,192,0,13.99
1162,1,0,16.26
1162,123,1,22.15
1162,191,1,14.77
1162,190,1,9.79
1162,104,1,17.03
1163,86,1,32.61
1163,98,1,48.16
1163,2,0,29.12
1163,48,1,36.27
1163,88,1,33.39
1164,193,0,10.05
1164,140,1,29.32
1164,112,1,34.56
1164,72,1,24.6
1164,80,1,16.51
1165,80,1,37.43
1165,19,0,47.64
1165,122,0,33.76
1165,168,0,5.4
1165,35,1,36.5
1166,168,0,4.33
1166,190,1,11.12
1166,132,0,29.35
1166,32,0,28.25
1166,93,0,25.68
1167,24,1,26.54
1167,158,0,23.08
1167,141,0,32.27
1167,60,0,24.95
1167,54,0,36.58
1168,102,1,24.96
1168,176,1,2.83
1168,174,0,6.63
1168,10,1,34.4
1168,93,1,29.6
1169,132,1,16.95
1169,174,0,5.04
1169,133,1,28.91
1169,194,0,13.66
1169,187,1,1.79
1170,23,1,23.21
1170,32,1,32.57
1170,72,1,27.27
1170,148,1,19.74
1170,4,1,30.32
1171,55,1,26.48
1171,98,1,33.75
1171,48,0,32.88
1171,108,1,34.2
1171,135,1,23.8
1172,28,1,33.93
1172,178,0,1.8
1172,143,1,31.45
1172,64,0,29.33
1172,127,0,30.47
1173,68,0,22.82
1173,131,0,20.7
1173,147,0,24.3
1173,4,0,31.2
1173,149,0,25.09
1174,122,0,39.57
1174,144,1,24.77
1174,149,0,33.42
1174,68,0,33.18
1174,170,0,7.91
1175,126,1,21.8
1175,136,0,20.72
1175,193,1,4.94
1175,98,0,29.92
1175,122,0,28.18
1176,109,0,35.79
1176,37,0,27.95
1176,197,0,15.59
1176,40,0,30.71
1176,175,1,2.01
1177,17,1,25.33
1177,148,0,22.23
1177,20,0,30.21
1177,186,1,0.82
1177,189,1,1.68
1178,136,0,26.43
1178,7,0,26.61
1178,81,0,26.64
1178,59,1,28.25
1178,192,1,10.49
1179,122,1,37.64
1179,88,0,35.64
1179,76,1,30.26
1179,164,0,3.3
1179,167,0,5.34
1180,38,0,45.05
1180,51,1,30.29
1180,73,1,37.4
1180,81,0,49.52
1180,36,1,36.64
1181,163,0,5.56
1181,82,0,36.19
1181,78,1,29.21
1181,170,0,1.32
1181,93,1,28.14
1182,137,1,32.72
1182,102,0,23.07
1182,168,0,3.93
1182,96,0,27.77
1182,58,0,27.92
1183,8,0,30.58
1183,72,0,34.78
1183,116,0,39.77
1183,199,0,11.52
1183,81,1,35.47
1184,171,0,9.21
1184,120,0,35.04
1184,100,1,34.27
1184,182,0,1.28
1184,173,0,5.17
1185,91,0,30.94
1185,199,1,12.51
1185,4,0,31.0
1185,198,1,11.26
1185,84,1,28.45
1186,103,0,16.57
1186,133,0,19.86
1186,57,0,19.05
1186,148,0,24.09
1186,177,0,1.91
1187,120,1,26.63
1187,91,0,45.14
1187,104,1,37.98
1187,181,1,0.96
1187,160,0,6.04
1188,5,1,20.37
1188,33,1,16.16
1188,8,1,27.51
1188,172,0,3.71
1188,132,1,27.49
1189,63,0,18.28
1189,129,0,11.69
1189,151,0,21.55
1189,38,0,30.66
1189,9,0,20.32
1190,45,0,16.12
1190,199,0,6.23
1190,133,0,27.92
1190,57,0,16.02
1190,146,0,16.09
1191,167,0,8.41
1191,139,0,25.27
1191,149,0,25.46
1191,112,1,18.87
1191,165,0,7.72
1192,190,0,11.38
1192,18,1,18.8
1192,47,1,15.5
1192,15,0,30.38
1192,6,0,21.41
1193,129,1,20.78
1193,159,1,18.81
1193,198,1,9.33
1193,108,1,33.93
1193,96,1,26.99
1194,119,0,26.26
1194,176,0,1.58
1194,129,1,23.5
1194,83,1,21.43
1194,49,1,31.45
1195,131,1,26.73
1195,89,1,22.63
1195,199,1,11.05
1195,125,1,32.12
1195,66,0,19.08
1196,103,1,20.1
1196,104,1,25.27
1196,114,1,24.46
1196,13,1,26.23
1196,33,1,26.31
1197,190,1,13.54
1197,185,1,1.32
1197,100,0,19.62
1197,31,1,30.01
1197,13,0,29.23
1198,120,1,30.8
1198,133,1,28.53
1198,183,1,1.55
1198,21,1,33.98
1198,123,1,27.33
1199,167,0,2.23
1199,194,0,7.19
1199,22,0,28.26
1199,147,0,33.8
1199,195,0,8.67
1200,4,1,36.46
1200,193,0,8.18
1200,154,0,28.26
1200,39,1,31.8
1200,137,1,31.14
1201,176,0,1.84
1201,123,1,38.36
1201,126,1,44.63
1201,184,0,1.54
1201,80,0,42.31
1202,23,1,29.12
1202,48,1,37.44
1202,88,1,43.87
1202,191,0,11.93
1202,166,0,6.31
1203,125,1,25.88
1203,142,1,23.41
1203,98,1,21.04
1203,107,0,17.86
1203,140,1,17.58
1204,199,0,13.89
1204,11,1,29.57
1204,188,0,1.64
1204,158,1,28.91
1204,133,1,30.53
1205,52,1,33.11
1205,163,0,2.79
1205,153,1,45.02
1205,67,0,40.27
1205,82,1,35.94
1206,157,1,24.32
1206,138,1,18.54
1206,73,1,23.84
1206,175,0,1.33
1206,119,1,12.51
1207,21,1,23.03
1207,124,1,21.82
1207,5,1,25.93
1207,138,1,15.03
1207,33,1,25.37
1208,51,0,31.66
1208,131,0,30.61
1208,118,1,28.44
1208,104,0,34.88
1208,67,0,35.77
1209,171,0,4.0
1209,158,1,24.9
1209,35,1,34.2
1209,4,1,20.47
1209,42,1,27.01
1210,95,1,36.33
1210,20,1,22.35
1210,13,1,39.5
1210,39,1,28.15
1210,162,0,2.36
1211,178,0,1.31
1211,49,1,27.83
1211,27,1,33.5
1211,106,0,26.6
1211,127,1,28.09
1212,181,0,1.41
1212,31,0,38.9
1212,193,0,10.03
1212,120,1,21.22
1212,44,0,39.52
1213,80,1,30.96
1213,71,0,34.29
1213,163,0,3.66
1213,156,1,31.82
1213,30,1,27.61
1214,58,1,35.66
1214,172,0,1.54
1214,76,0,35.62
1214,27,1,25.82
1214,45,0,32.44
1215,8,0,28.5
1215,151,0,21.63
1215,30,0,19.34
1215,139,1,18.42
1215,197,0,14.32
1216,183,1,1.7
1216,162,0,6.67
1216,87,0,16.51
1216,160,0,7.66
1216,44,1,30.69
1217,4,1,27.65
1217,91,0,30.7
1217,32,1,31.54
1217,177,1,1.81
1217,10,1,34.08
1218,77,1,18.8
1218,22,1,22.92
1218,36,1,18.79
1218,12,1,24.91
1218,62,1,30.76
1219,0,1,32.15
1219,173,0,0.46
1219,176,1,1.61
1219,141,0,35.97
1219,90,1,22.86
1220,67,0,29.45
1220,77,1,31.37
1220,157,1,27.09
1220,99,1,28.29
1220,171,0,3.48
1221,35,1,21.14
1221,175,1,1.48
1221,64,1,25.57
1221,20,1,31.03
1221,63,1,16.75
1222,21,1,31.68
1222,89,0,34.79
1222,98,1,25.0
1222,48,0,28.33
1222,143,1,27.23
1223,174,0,4.7
1223,126,1,29.85
1223,88,1,23.61
1223,47,1,18.68
1223,179,0,1.91
1224,7,0,19.2
1224,100,0,22.99
1224,58,0,23.91
1224,101,0,28.11
1224,62,0,21.74
1225,157,1,26.65
1225,34,1,33.29
1225,171,0,6.26
1225,146,1,33.19
1225,44,1,32.67
1226,113,0,36.67
1226,79,0,36.79
1226,39,1,36.28
1226,137,0,36.8
1226,67,1,40.81
1227,0,1,34.38
1227,102,0,18.86
1227,196,0,8.86
1227,58,1,28.69
1227,148,1,30.98
1228,143,0,24.77
1228,35,1,32.51
1228,187,1,1.15
1228,99,0,29.77
1228,199,1,5.86
1229,8,0,24.99
1229,153,0,32.9
1229,10,0,33.45
1229,107,1,27.85
1229,16,0,28.73
1230,74,0,22.65
1230,128,0,25.31
1230,166,0,4.6
1230,173,0,3.88
1230,101,0,34.44
1231,71,1,27.99
1231,127,1,17.87
1231,74,1,22.87
1231,58,0,23.53
1231,112,1,18.86
1232,178,0,1.93
1232,14,1,32.78
1232,131,1,28.15
1232,87,1,27.0
1232,11,1,28.45
1233,74,1,25.02
1233,125,1,29.28
1233,190,0,14.87
1233,181,0,0.98
1233,54,0,31.26
1234,149,1,30.14
1234,161,0,4.62
1234,189,1,1.36
1234,2,1,32.15
1234,168,0,4.28
1235,86,0,32.1
1235,97,0,31.74
1235,151,1,33.15
1235,146,0,35.82
1235,36,0,30.33
1236,61,0,28.38
1236,60,1,29.73
1236,57,0,27.81
1236,20,0,33.12
1236,93,1,26.8
1237,77,0,18.17
1237,146,0,36.54
1237,94,0,33.73
1237,133,0,32.48
1237,82,0,31.96
1238,95,0,40.75
1238,14,1,36.76
1238,6,0,42.96
1238,113,0,42.91
1238,2,0,37.44
1239,158,1,22.79
1239,5,1,24.33
1239,114,0,28.5
1239,197,0,10.93
1239,131,0,21.49
1240,173,0,3.9
1240,196,1,12.49
1240,157,1,33.98
1240,170,0,5.04
1240,120,1,29.98
1241,6,1,22.96
1241,118,1,27.23
1241,156,0,24.97
1241,38,1,23.34
1241,5,0,22.72
1242,109,1,43.22
1242,34,1,35.92
1242,159,0,34.12
1242,135,1,28.27
1242,99,1,37.62
1243,104,1,16.08
1243,107,0,28.13
1243,51,0,28.07
1243,178,1,1.59
1243,55,1,33.9
1244,164,0,5.49
1244,47,1,29.65
1244,112,1,31.14
1244,31,1,19.92
1244,50,1,21.99
1245,197,1,14.72
1245,92,1,23.07
1245,159,1,30.61
1245,164,0,5.4
1245,27,0,28.07
1246,92,1,30.3
1246,45,1,15.81
1246,141,1,35.08
1246,150,1,19.01
1246,180,0,1.61
1247,1,0,24.17
1247,14,0,21.6
1247,112,0,23.66
1247,10,0,27.16
1247,155,0,31.34
1248,176,1,1.14
1248,85,1,40.23
1248,9,1,45.05
1248,142,0,37.17
1248,170,0,2.67
1249,26,1,31.46
1249,164,0,7.22
1249,190,0,14.29
1249,83,1,21.81
1249,169,0,3.47
1250,39,0,13.83
1250,67,0,25.48
1250,38,0,30.98
1250,199,0,12.14
1250,63,0,26.27
1251,120,1,31.72
1251,25,0,29.03
1251,160,0,6.84
1251,87,0,34.19
1251,23,0,21.5
1252,25,0,31.28
1252,188,1,1.15
1252,175,0,1.0
1252,111,1,19.56
1252,65,1,25.96
1253,82,0,14.98
1253,162,0,8.18
1253,88,1,23.92
1253,40,1,21.4
1253,102,1,10.31
1254,173,0,3.02
1254,68,1,34.22
1254,197,1,9.55
1254,196,1,10.92
1254,137,1,30.9
1255,108,1,26.6
1255,66,0,30.8
1255,133,0,19.62
1255,101,0,25.2
1255,165,0,6.34
1256,37,0,38.56
1256,96,0,28.4
1256,168,0,6.38
1256,176,0,2.12
1256,36,0,20.13
1257,198,0,10.87
1257,12,1,25.61
1257,116,1,35.9
1257,48,1,29.89
1257,75,1,42.31
1258,90,1,31.43
1258,85,1,40.55
1258,93,0,27.49
1258,199,1,11.02
1258,124,1,45.95
1259,138,1,34.66
1259,70,0,34.74
1259,113,0,44.0
1259,93,0,30.74
1259,114,1,31.92
1260,152,0,30.71
1260,171,0,3.37
1260,109,0,32.22
1260,192,1,7.21
1260,105,0,23.24
1261,183,1,1.24
1261,83,1,26.27
1261,29,1,28.2
1261,182,1,1.33
1261,70,1,32.01
1262,49,0,17.51
1262,56,0,17.98
1262,102,1,31.14
1262,93,0,32.82
1262,6,0,25.53
1263,109,1,32.29
1263,47,1,28.69
1263,156,0,36.13
1263,79,1,32.36
1263,102,1,36.03
1264,25,0,28.07
1264,131,1,36.58
1264,97,0,34.94
1264,186,1,2.09
1264,196,1,11.06
1265,121,0,23.34
1265,77,0,24.86
1265,44,1,24.47
1265,157,0,31.73
1265,125,0,32.48
1266,151,0,47.37
1266,116,1,35.81
1266,134,1,49.32
1266,51,0,41.52
1266,182,1,2.25
1267,35,0,36.06
1267,59,1,30.68
1267,160,0,8.54
1267,186,1,1.43
1267,36,0,24.36
1268,69,1,28.7
1268,61,1,34.87
1268,143,1,40.07
1268,169,0,4.92
1268,17,1,25.94
1269,152,0,17.84
1269,10,0,29.62
1269,88,0,27.41
1269,93,0,32.02
1269,140,0,26.85
1270,157,1,26.04
1270,57,0,17.26
1270,125,0,31.95
1270,109,0,30.85
1270,48,0,26.82
1271,170,0,4.64
1271,37,1,20.61
1271,108,0,27.67
1271,65,0,26.55
1271,27,0,18.0
1272,30,1,30.17
1272,162,0,6.52
1272,120,1,24.27
1272,17,1,27.38
1272,19,1,21.76
1273,180,0,0.63
1273,170,0,7.85
1273,178,0,1.53
1273,40,1,19.59
1273,157,1,32.83
1274,84,1,22.01
1274,20,1,25.93
1274,156,0,17.57
1274,143,1,19.25
1274,141,1,31.72
1275,88,1,26.6
1275,16,1,32.59
1275,130,1,12.99
1275,1,0,29.91
1275,192,1,7.25
1276,48,0,41.28
1276,83,1,34.37
1276,23,1,30.61
1276,43,0,40.68
1276,146,0,26.61
1277,167,0,11.1
1277,132,1,28.29
1277,17,1,28.61
1277,150,1,38.42
1277,72,1,35.95
1278,53,0,26.61
1278,143,0,17.88
1278,56,0,26.72
1278,109,0,32.47
1278,42,0,21.23
1279,117,1,34.22
1279,104,0,36.27
1279,111,0,27.54
1279,186,0,1.55
1279,8,1,20.37
1280,104,0,26.4
1280,30,1,25.7
1280,12,1,26.34
1280,159,1,31.23
1280,66,1,31.74
1281,142,1,35.36
1281,76,1,30.91
1281,70,0,25.93
1281,174,0,3.27
1281,139,1,32.36
1282,189,0,1.14
1282,15,0,22.12
1282,41,0,30.03
1282,46,0,32.08
1282,1,1,31.85
1283,188,1,0.96
1283,107,1,14.8
1283,143,1,19.32
1283,75,1,25.79
1283,30,1,19.26
1284,169,0,2.71
1284,117,0,35.61
1284,137,0,31.76
1284,71,0,24.71
1284,183,1,1.72
1285,130,1,41.57
1285,42,0,42.65
1285,35,1,31.74
1285,136,1,27.94
1285,100,0,32.13
1286,3,0,22.65
1286,176,1,2.46
1286,196,1,10.02
1286,181,1,2.1
1286,128,1,15.46
1287,18,0,32.6
1287,99,0,34.7
1287,124,1,33.95
1287,22,0,36.32
1287,172,0,5.22
1288,76,0,31.9
1288,128,0,32.29
1288,73,0,29.67
1288,158,0,17.39
1288,173,0,0.3
1289,16,1,27.14
1289,121,1,27.61
1289,0,0,29.23
1289,174,0,7.17
1289,178,1,1.53
1290,109,0,42.86
1290,194,0,8.12
1290,107,1,31.79
1290,17,0,41.12
1290,33,0,51.73
1291,141,1,19.89
1291,50,1,18.55
1291,130,1,30.41
1291,197,1,5.98
1291,152,1,14.25
1292,38,1,31.94
1292,0,1,25.92
1292,196,0,8.91
1292,60,1,35.25
1292,55,0,39.73
1293,94,1,29.19
1293,199,0,18.55
1293,142,0,34.85
1293,100,0,31.19
1293,62,0,36.68
1294,192,0,12.54
1294,66,1,29.62
1294,55,1,20.67
1294,137,1,30.08
1294,96,1,27.77
1295,48,1,45.98
1295,106,1,45.79
1295,13,1,43.85
1295,47,0,40.7
1295,160,0,3.1
1296,131,0,28.4
1296,180,0,1.54
1296,178,0,2.06
1296,137,0,25.98
1296,1,0,13.99
1297,161,0,9.54
1297,119,0,34.13
1297,51,0,18.03
1297,65,1,29.96
1297,174,0,8.0
1298,178,1,0.83
1298,154,1,43.09
1298,20,0,34.31
1298,91,1,26.52
1298,132,1,35.89
1299,123,1,26.93
1299,170,0,6.41
1299,49,0,40.72
1299,63,0,30.93
1299,93,1,42.08
1300,56,1,40.28
1300,9,1,43.16
1300,123,1,43.31
1300,143,1,29.5
1300,139,0,34.7
1301,189,0,1.67
1301,65,0,42.24
1301,1,0,35.28
1301,78,0,38.26
1301,148,0,35.04
1302,153,1,29.89
1302,71,0,26.28
1302,6,1,26.53
1302,158,1,33.85
1302,131,1,34.46
1303,167,0,7.72
1303,25,1,24.02
1303,17,1,33.22
1303,149,1,35.68
1303,142,1,33.19
1304,99,1,9.26
1304,45,1,25.09
1304,107,1,20.01
1304,175,0,1.91
1304,166,0,4.74
1305,151,1,19.76
1305,109,0,17.38
1305,99,1,25.63
1305,190,1,6.61
1305,39,1,27.4
1306,99,0,21.93
1306,26,0,21.2
1306,21,0,17.55
1306,156,1,16.61
1306,47,0,31.81
1307,161,0,4.2
1307,82,0,31.61
1307,12,1,32.68
1307,15,0,27.94
1307,149,1,19.24
1308,192,1,11.29
1308,84,0,18.65
1308,20,0,33.78
1308,136,0,33.31
1308,170,0,7.65
1309,68,1,25.44
1309,136,1,26.41
1309,78,1,22.14
1309,113,1,21.85
1309,57,1,22.43
1310,157,0,31.92
1310,89,1,27.33
1310,83,1,32.45
1310,184,1,1.67
1310,135,1,26.46
1311,179,0,2.25
1311,133,1,29.97
1311,173,0,7.57
1311,170,0,3.95
1311,3,1,28.88
1312,20,0,38.03
1312,188,0,1.71
1312,131,1,23.32
1312,132,1,21.16
1312,91,1,30.75
1313,79,0,36.08
1313,150,1,33.29
1313,186,0,1.77
1313,68,1,23.67
1313,142,1,28.76
1314,96,0,27.06
1314,27,1,23.65
1314,114,1,33.32
1314,107,1,31.39
1314,146,1,29.8
1315,125,0,22.95
1315,117,0,18.47
1315,92,1,24.53
1315,32,0,20.81
1315,0,1,26.3
1316,32,1,15.73
1316,147,0,21.66
1316,193,0,12.05
1316,40,1,23.15
1316,81,1,21.94
1317,198,1,5.83
1317,7,1,28.58
1317,121,1,34.07
1317,140,1,19.95
1317,163,0,6.28
1318,112,0,24.74
1318,156,0,21.54
1318,43,0,18.14
1318,142,0,19.61
1318,77,0,12.89
1319,3,1,18.05
1319,91,0,31.5
1319,84,0,23.11
1319,75,0,15.27
1319,148,0,28.95
1320,50,0,29.66
1320,80,1,29.73
1320,98,0,31.81
1320,179,0,1.56
1320,136,1,33.8
1321,127,1,25.9
1321,159,1,24.52
1321,163,0,5.7
1321,143,1,18.21
1321,156,1,21.16
1322,194,1,8.81
1322,196,1,14.89
1322,29,1,31.73
1322,17,1,31.0
1322,141,1,34.33
1323,128,1,33.86
1323,182,1,0.44
1323,156,1,33.52
1323,109,0,24.47
1323,193,0,4.9
1324,2,1,25.8
1324,121,1,30.37
1324,88,1,29.0
1324,13,0,33.04
1324,35,1,30.33
1325,163,0,4.36
1325,59,0,24.51
1325,6,0,19.9
1325,29,0,22.82
1325,180,1,1.55
1326,42,1,23.92
1326,159,0,28.71
1326,122,1,23.28
1326,99,1,40.45
1326,199,0,10.95
1327,97,0,25.94
1327,17,0,35.27
1327,41,0,31.44
1327,189,0,1.77
1327,30,0,30.66
1328,101,1,36.78
1328,147,1,36.3
1328,87,1,34.22
1328,137,1,25.92
1328,154,1,34.01
1329,158,0,27.47
1329,23,1,19.92
1329,51,0,29.02
1329,107,0,22.22
1329,183,1,0.97
1330,44,1,25.91
1330,195,1,11.45
1330,90,1,25.89
1330,5,1,35.59
1330,185,0,0.63
1331,112,0,27.84
1331,159,1,31.46
1331,83,1,39.99
1331,111,0,19.28
1331,60,1,36.29
1332,193,1,9.76
1332,190,1,12.67
1332,18,0,34.19
1332,40,0,20.94
1332,25,1,24.61
1333,174,0,7.45
1333,12,1,8.63
1333,132,1,20.89
1333,109,1,14.8
1333,91,1,25.13
1334,172,0,7.7
1334,138,1,31.38
1334,30,1,28.64
1334,106,1,40.19
1334,25,1,29.14
1335,79,1,43.68
1335,145,0,23.89
1335,118,1,41.25
1335,132,0,38.69
1335,191,1,11.08
1336,87,1,29.96
1336,60,1,27.51
1336,116,1,34.34
1336,13,1,23.49
1336,68,1,27.44
1337,137,0,31.9
1337,128,0,29.81
1337,139,0,31.94
1337,119,0,30.23
1337,84,1,35.9
1338,40,1,25.37
1338,45,1,30.05
1338,83,1,25.32
1338,76,1,26.02
1338,90,1,26.19
1339,91,0,41.6
1339,114,0,37.13
1339,42,0,35.23
1339,66,0,30.12
1339,128,0,37.8
1340,4,1,22.62
1340,124,0,16.02
1340,80,0,17.99
1340,52,1,28.31
1340,132,1,17.18
1341,54,1,30.86
1341,117,1,39.37
1341,104,0,40.86
1341,1,0,27.66
1341,179,0,1.25
1342,141,0,34.27
1342,180,0,0.64
1342,191,1,15.41
1342,162,0,5.96
1342,154,0,24.25
1343,187,0,2.08
1343,172,0,6.05
1343,170,0,1.81
1343,177,1,0.9
1343,93,1,29.78
1344,167,0,6.88
1344,95,0,29.39
1344,127,1,25.7
1344,142,0,26.49
1344,25,1,30.69
1345,18,1,39.71
1345,36,0,28.68
1345,152,1,30.67
1345,96,1,26.93
1345,194,0,11.47
1346,83,1,40.22
1346,86,1,24.7
1346,7,1,36.59
1346,140,1,34.22
1346,30,1,31.87
1347,138,1,34.05
1347,166,0,7.71
1347,146,0,22.41
1347,131,1,32.8
1347,140,1,31.07
1348,77,1,23.17
1348,5,0,19.93
1348,132,1,19.87
1348,15,0,18.66
1348,174,0,7.62
1349,74,1,38.27
1349,42,1,34.56
1349,147,1,35.66
1349,97,1,40.81
1349,178,0,2.21
1350,66,1,27.87
1350,166,0,3.64
1350,7,1,27.16
1350,49,0,25.59
1350,10,0,29.91
1351,188,1,1.53
1351,161,0,9.15
1351,147,0,37.67
1351,53,0,31.57
1351,92,0,23.81
1352,139,0,22.77
1352,70,1,22.44
1352,76,1,29.52
1352,102,1,19.15
1352,149,0,27.87
1353,195,0,12.75
1353,7,1,21.87
1353,121,0,20.12
1353,199,0,10.95
1353,106,1,21.46
1354,73,0,22.73
1354,159,0,24.09
1354,84,0,20.33
1354,195,1,11.3
1354,152,1,23.75
1355,142,0,36.35
1355,14,1,31.29
1355,185,1,1.17
1355,98,0,29.38
1355,199,1,15.59
1356,41,1,37.46
1356,54,1,30.87
1356,17,1,35.75
1356,94,1,34.69
1356,39,1,37.78
1357,187,1,1.41
1357,107,0,34.23
1357,121,0,24.33
1357,79,0,20.15
1357,11,1,19.85
1358,156,0,35.48
1358,198,0,13.63
1358,49,1,35.95
1358,175,0,0.7
1358,69,0,25.01
1359,161,0,5.87
1359,40,1,39.57
1359,29,0,34.44
1359,191,1,21.15
1359,25,1,48.0
1360,171,0,4.83
1360,6,0,17.72
1360,153,1,13.91
1360,86,0,16.68
1360,134,0,12.24
1361,157,0,41.2
1361,47,1,38.04
1361,179,1,1.07
1361,129,0,34.57
1361,5,0,37.78
1362,78,1,19.62
1362,105,0,24.99
1362,69,0,22.36
1362,137,0,26.38
1362,144,0,32.53
1363,104,0,41.69
1363,152,0,39.06
1363,160,0,1.64
1363,107,0,36.03
1363,133,0,33.91
1364,155,0,35.39
1364,49,0,23.09
1364,109,0,27.48
1364,84,1,24.74
1364,127,1,34.84
1365,79,0,16.38
1365,111,0,36.07
1365,19,0,22.69
1365,196,0,16.92
1365,12,0,31.75
1366,105,0,24.5
1366,137,0,19.7
1366,180,1,1.79
1366,93,0,29.21
1366,158,0,23.43
1367,85,0,26.05
1367,24,0,19.8
1367,43,0,29.33
1367,22,0,26.79
1367,148,0,25.58
1368,128,1,26.75
1368,9,0,21.66
1368,195,1,7.37
1368,18,1,24.09
1368,90,1,25.14
1369,75,1,21.69
1369,193,1,10.44
1369,111,0,30.87
1369,114,1,23.2
1369,46,1,36.31
1370,116,0,26.17
1370,24,0,25.06
1370,137,1,28.57
1370,110,1,32.71
1370,176,1,1.28
1371,25,0,46.28
1371,126,0,32.02
1371,153,0,27.4
1371,69,0,28.64
1371,23,1,34.42
1372,169,0,6.08
1372,148,0,26.55
1372,178,1,1.75
1372,136,0,29.1
1372,199,1,10.19
1373,175,1,2.28
1373,142,0,41.25
1373,167,0,6.12
1373,79,1,38.24
1373,78,1,31.87
1374,158,1,36.5
1374,144,1,47.49
1374,69,1,39.1
1374,151,1,38.68
1374,15,1,40.74
1375,140,1,26.54
1375,109,1,42.78
1375,187,0,1.39
1375,74,0,33.35
1375,67,1,22.61
1376,21,1,32.46
1376,107,0,25.45
1376,147,1,27.0
1376,189,0,0.95
1376,54,1,26.76
1377,146,0,38.89
1377,133,0,30.64
1377,140,1,28.58
1377,43,1,31.63
1377,51,1,37.15
1378,38,0,24.22
1378,171,0,7.79
1378,17,1,29.21
1378,61,0,23.6
1378,34,0,21.2
1379,150,1,27.99
1379,65,1,22.47
1379,114,1,24.58
1379,66,0,23.44
1379,100,0,15.81
1380,42,1,23.94
1380,147,1,31.37
1380,182,1,1.83
1380,35,1,23.89
1380,115,1,18.39
1381,39,1,19.85
1381,14,1,20.71
1381,47,0,21.27
1381,13,1,26.45
1381,81,0,27.11
1382,40,0,27.39
1382,29,1,22.74
1382,28,0,34.36
1382,150,0,31.67
1382,132,0,33.98
1383,126,1,26.78
1383,172,0,4.99
1383,44,1,23.09
1383,193,1,8.88
1383,131,1,26.91
1384,142,1,47.91
1384,85,0,34.29
1384,109,0,39.58
1384,146,0,30.79
1384,148,0,40.24
1385,91,0,9.83
1385,199,1,14.47
1385,54,0,15.62
1385,17,0,27.82
1385,149,0,19.27
1386,24,1,29.68
1386,164,0,8.09
1386,198,1,12.32
1386,188,1,1.48
1386,0,1,24.59
1387,196,0,14.58
1387,126,1,24.22
1387,20,0,36.09
1387,90,0,21.97
1387,173,0,3.08
1388,180,0,1.13
1388,106,1,34.51
1388,76,1,36.93
1388,151,1,35.39
1388,160,0,5.8
1389,184,1,2.53
1389,102,1,37.22
1389,75,1,30.17
1389,119,0,44.97
1389,196,0,15.75
1390,161,0,7.05
1390,78,1,26.17
1390,3,1,25.46
1390,160,0,6.66
1390,169,0,7.83
1391,157,1,11.59
1391,140,1,25.36
1391,179,1,2.22
1391,146,1,18.65
1391,34,0,19.8
1392,169,0,8.78
1392,6,1,28.25
1392,152,1,35.32
1392,187,0,1.97
1392,193,1,11.52
1393,120,1,31.78
1393,36,1,27.12
1393,102,1,23.4
1393,86,1,35.54
1393,116,1,25.66
1394,143,1,22.73
1394,104,0,19.79
1394,91,0,19.57
1394,51,0,33.04
1394,23,0,27.46
1395,131,0,35.59
1395,83,1,37.33
1395,119,1,28.17
1395,142,1,21.02
1395,71,1,33.59
1396,174,0,5.53
1396,134,0,24.39
1396,46,1,31.9
1396,84,1,20.46
1396,34,1,18.87
1397,64,1,30.77
1397,159,1,39.61
1397,188,0,1.18
1397,165,0,4.73
1397,98,1,32.26
1398,30,0,30.68
1398,99,0,22.84
1398,11,0,22.35
1398,115,0,25.02
1398,37,0,16.08
1399,40,0,24.38
1399,82,0,33.43
1399,110,0,16.74
1399,172,0,9.07
1399,65,1,26.08
1400,152,1,21.37
1400,11,1,32.72
1400,161,0,6.86
1400,38,1,27.49
1400,2,1,25.94
1401,168,0,5.12
1401,45,0,24.28
1401,67,0,30.88
1401,53,0,34.51
1401,146,1,21.54
1402,173,0,4.01
1402,33,0,40.49
1402,172,0,2.74
1402,11,0,25.79
1402,8,0,34.17
1403,24,0,21.14
1403,177,1,2.01
1403,122,0,27.47
1403,187,0,1.92
1403,28,0,26.03
1404,57,0,19.33
1404,81,0,25.36
1404,170,0,5.16
1404,41,0,20.42
1404,11,0,23.15
1405,61,0,19.85
1405,152,0,24.01
1405,155,0,28.17
1405,174,0,6.89
1405,75,0,6.48
1406,83,0,31.86
1406,23,1,33.51
1406,3,1,31.2
1406,64,1,27.07
1406,42,0,22.1
1407,99,1,30.77
1407,40,1,29.47
1407,110,1,19.91
1407,105,1,32.45
1407,30,1,18.42
1408,20,0,24.31
1408,55,0,31.09
1408,36,0,31.56
1408,96,0,23.38
1408,83,1,25.1
1409,83,0,20.44
1409,146,1,26.83
1409,107,0,25.6
1409,45,0,26.91
1409,104,0,27.97
1410,160,0,7.51
1410,0,0,30.52
1410,135,0,23.19
1410,39,0,18.29
1410,164,0,4.63
1411,49,1,19.87
1411,139,1,24.51
1411,68,1,29.57
1411,177,1,0.87
1411,44,1,20.29
1412,47,0,23.34
1412,105,0,24.47
1412,118,0,24.04
1412,159,0,26.96
1412,124,0,17.74
1413,84,0,28.18
1413,166,0,3.95
1413,187,1,1.25
1413,8,1,22.43
1413,158,1,29.91
1414,67,1,27.66
1414,140,1,25.56
1414,71,0,24.76
1414,70,1,22.96
1414,31,0,20.98
1415,197,0,9.83
1415,120,1,29.17
1415,151,1,28.45
1415,46,0,33.54
1415,99,1,34.7
1416,30,1,24.59
1416,150,0,31.3
1416,81,1,28.89
1416,97,1,17.4
1416,149,1,29.41
1417,80,0,22.33
1417,175,1,1.84
1417,32,0,26.61
1417,61,0,23.46
1417,163,0,5.64
1418,112,1,21.85
1418,26,1,28.65
1418,21,1,15.33
1418,77,1,23.58
1418,160,0,2.87
1419,191,1,8.88
1419,13,0,22.9
1419,78,0,27.82
1419,60,0,24.83
1419,139,0,21.63
1420,61,0,43.78
1420,84,1,34.48
1420,192,0,12.31
1420,99,1,44.99
1420,193,0,10.95
1421,76,1,23.92
1421,131,1,28.57
1421,90,1,26.9
1421,16,1,23.62
1421,180,1,1.19
1422,178,1,1.6
1422,15,1,30.89
1422,95,1,32.13
1422,90,1,19.17
1422,111,1,21.8
1423,191,1,9.82
1423,91,0,15.73
1423,182,0,1.52
1423,111,1,19.1
1423,185,1,1.53
1424,27,0,20.5
1424,194,1,15.34
1424,112,1,17.9
1424,146,1,32.69
1424,106,0,23.18
1425,133,1,36.85
1425,91,0,38.61
1425,199,1,8.75
1425,149,1,32.56
1425,26,0,40.8
1426,110,0,27.11
1426,47,1,27.17
1426,84,1,19.7
1426,15,0,27.7
1426,42,1,21.61
1427,134,1,40.91
1427,51,1,30.95
1427,136,0,45.79
1427,194,0,13.38
1427,39,1,32.31
1428,25,1,26.2
1428,160,0,2.38
1428,110,0,27.39
1428,33,1,25.56
1428,42,0,25.79
1429,50,1,16.9
1429,92,1,27.36
1429,61,1,25.35
1429,64,1,30.09
1429,105,1,31.85
1430,53,0,26.3
1430,135,1,23.55
1430,83,0,33.91
1430,93,0,28.27
1430,77,0,22.93
1431,155,0,33.34
1431,88,0,21.42
1431,109,0,22.32
1431,77,1,28.82
1431,70,1,29.6
1432,51,1,31.44
1432,13,0,34.34
1432,139,0,24.86
1432,108,0,20.68
1432,71,0,31.45
1433,29,1,34.56
1433,87,0,32.07
1433,4,1,26.53
1433,115,1,29.4
1433,59,0,40.69
1434,158,0,25.35
1434,149,0,30.99
1434,50,1,33.22
1434,68,0,31.8
1434,11,1,32.37
1435,152,0,49.06
1435,167,0,5.92
1435,184,0,0.87
1435,186,0,1.14
1435,66,0,39.5
1436,18,0,27.74
1436,138,0,22.35
1436,154,0,28.72
1436,71,0,26.47
1436,16,0,23.52
1437,181,1,0.73
1437,163,0,6.1
1437,8,0,33.72
1437,112,1,34.01
1437,150,1,32.47
1438,60,0,15.3
1438,62,0,18.36
1438,132,0,30.33
1438,160,0,5.86
1438,18,0,31.45
1439,11,0,33.28
1439,52,1,46.73
1439,47,1,42.28
1439,147,1,32.69
1439,117,1,31.34
1440,61,1,23.75
1440,179,0,2.09
1440,100,1,29.91
1440,153,1,27.93
1440,35,1,14.2
1441,97,1,34.14
1441,59,0,30.07
1441,106,1,33.69
1441,44,1,23.98
1441,187,0,1.72
1442,176,0,1.37
1442,8,1,32.6
1442,132,1,37.52
1442,76,0,28.93
1442,43,1,14.45
1443,79,0,22.5
1443,74,0,29.66
1443,177,1,2.47
1443,179,0,1.08
1443,37,0,20.92
1444,54,0,30.07
1444,113,0,29.37
1444,132,1,20.44
1444,133,0,24.34
1444,89,0,18.23
1445,185,0,1.38
1445,129,1,27.88
1445,26,1,39.34
1445,130,0,34.28
1445,31,0,35.04
1446,84,1,23.48
1446,9,1,27.62
1446,0,1,19.65
1446,190,0,12.16
1446,138,1,30.74
1447,76,0,39.95
1447,121,0,37.93
1447,101,1,30.34
1447,51,1,36.19
1447,176,1,1.9
1448,181,1,1.58
1448,118,1,27.15
1448,137,0,38.79
1448,143,1,34.22
1448,31,1,31.19
1449,10,1,23.86
1449,90,0,35.9
1449,197,0,8.4
1449,70,0,30.46
1449,58,0,28.06
1450,29,0,36.43
1450,110,0,31.18
1450,4,1,45.89
1450,33,0,40.52
1450,56,0,40.07
1451,142,0,27.56
1451,132,0,23.01
1451,66,0,30.82
1451,141,1,30.18
1451,95,0,27.79
1452,147,0,23.62
1452,124,0,32.96
1452,190,1,13.92
1452,36,0,22.82
1452,42,0,21.8
1453,0,1,27.87
1453,160,0,7.64
1453,52,0,26.08
1453,67,1,25.21
1453,186,1,1.56
1454,59,0,37.42
1454,111,0,41.47
1454,97,1,23.2
1454,37,1,35.6
1454,87,1,33.0
1455,45,0,27.55
1455,70,0,27.34
1455,63,0,24.07
1455,193,1,7.86
1455,150,0,30.96
1456,5,1,28.04
1456,193,0,13.17
1456,53,0,6.68
1456,81,0,30.65
1456,21,0,31.22
1457,104,0,23.67
1457,64,1,28.77
1457,60,0,27.13
1457,151,1,34.99
1457,145,1,35.33
1458,188,1,1.31
1458,100,0,22.38
1458,130,0,19.52
1458,111,0,29.4
1458,190,1,15.32
1459,53,1,20.08
1459,35,1,24.55
1459,60,1,29.5
1459,28,1,17.36
1459,50,0,25.24
1460,148,1,27.65
1460,29,1,19.0
1460,159,1,17.51
1460,41,1,23.88
1460,10,1,21.59
1461,122,1,32.17
1461,64,0,39.07
1461,93,0,41.14
1461,145,0,29.96
1461,16,0,39.91
1462,62,1,27.08
1462,166,0,5.23
1462,192,1,17.03
1462,162,0,6.18
1462,157,0,26.62
1463,25,1,24.88
1463,42,0,22.18
1463,180,1,1.89
1463,158,1,31.57
1463,110,0,36.78
1464,151,0,31.6
1464,22,0,19.03
1464,188,1,0.97
1464,97,0,25.94
1464,90,1,33.08
1465,120,0,31.2
1465,196,1,9.75
1465,89,0,43.69
1465,32,1,29.22
1465,156,1,34.17
1466,173,0,8.56
1466,32,1,30.24
1466,20,1,31.81
1466,52,1,30.89
1466,6,0,27.57
1467,136,0,35.09
1467,88,0,36.87
1467,104,0,29.84
1467,141,0,33.33
1467,110,0,31.02
1468,9,1,34.96
1468,44,1,17.07
1468,69,1,23.27
1468,31,0,37.76
1468,192,1,13.68
1469,9,0,21.5
1469,150,1,29.01
1469,59,0,16.53
1469,199,0,13.01
1469,129,0,20.96
1470,36,1,21.37
1470,4,1,32.46
1470,130,1,24.69
1470,125,1,27.03
1470,145,1,22.78
1471,15,1,30.39
1471,151,1,35.04
1471,192,0,5.73
1471,150,1,31.52
1471,40,0,23.5
1472,120,0,33.17
1472,52,0,28.28
1472,104,0,32.78
1472,61,0,24.95
1472,123,0,25.77
1473,94,1,33.11
1473,189,1,1.42
1473,91,0,34.69
1473,35,0,33.91
1473,26,0,16.76
1474,142,0,34.45
1474,114,1,34.49
1474,51,1,29.44
1474,27,1,41.54
1474,186,1,1.42
1475,9,1,29.99
1475,159,0,35.48
1475,97,0,38.49
1475,173,0,6.72
1475,77,0,30.73
1476,117,0,23.42
1476,6,0,14.81
1476,144,0,24.84
1476,170,0,7.04
1476,159,0,28.25
1477,22,0,27.67
1477,177,0,1.56
1477,184,0,1.95
1477,41,1,17.77
1477,126,0,15.86
1478,26,1,27.34
1478,134,0,22.81
1478,29,0,24.32
1478,106,0,17.19
1478,89,0,19.11
1479,29,0,31.09
1479,110,0,28.5
1479,16,0,26.32
1479,78,1,24.92
1479,138,1,30.22
1480,165,0,9.61
1480,28,0,17.74
1480,134,0,23.22
1480,46,0,25.49
1480,19,0,27.33
1481,89,0,19.62
1481,65,1,30.6
1481,91,1,26.39
1481,99,0,30.84
1481,124,0,30.13
1482,186,1,0.51
1482,180,0,1.13
1482,199,0,18.95
1482,82,0,26.7
1482,165,0,4.35
1483,130,0,29.13
1483,184,0,1.88
1483,69,1,19.2
1483,78,0,29.16
1483,38,0,18.33
1484,56,1,21.78
1484,97,0,20.78
1484,115,1,25.2
1484,1,0,16.47
1484,154,0,19.54
1485,23,1,23.11
1485,196,0,11.94
1485,57,0,25.56
1485,172,0,4.02
1485,173,0,5.53
1486,80,0,25.08
1486,86,0,31.79
1486,83,0,26.92
1486,75,0,33.96
1486,155,0,24.5
1487,37,0,21.22
1487,109,0,22.04
1487,113,0,23.32
1487,87,1,21.16
1487,60,0,25.96
1488,117,0,28.17
1488,170,0,6.54
1488,62,0,12.86
1488,94,1,32.32
1488,165,0,8.89
1489,188,1,2.23
1489,145,1,31.46
1489,62,1,34.19
1489,130,1,31.38
1489,93,1,38.15
1490,191,0,15.74
1490,145,0,28.42
1490,151,0,27.11
1490,174,0,3.68
1490,63,0,26.78
1491,24,0,28.03
1491,96,0,24.27
1491,82,1,27.25
1491,20,1,30.11
1491,144,0,32.84
1492,84,0,29.75
1492,81,1,28.78
1492,144,1,33.65
1492,104,1,29.4
1492,193,0,15.91
1493,45,0,17.31
1493,122,0,27.07
1493,168,0,6.27
1493,115,0,40.42
1493,69,0,27.41
1494,116,1,33.8
1494,114,1,25.09
1494,47,1,23.1
1494,23,0,22.45
1494,138,1,33.54
1495,59,0,28.6
1495,133,1,35.91
1495,27,1,24.59
1495,139,1,30.58
1495,179,1,2.53
1496,126,1,30.59
1496,151,1,30.07
1496,168,0,2.14
1496,38,0,25.91
1496,67,1,28.72
1497,1,1,24.87
1497,164,0,4.93
1497,63,0,25.48
1497,129,1,26.26
1497,46,0,32.44
1498,199,0,17.91
1498,127,0,31.3
1498,79,0,28.24
1498,15,0,33.62
1498,83,0,32.96
1499,26,0,27.46
1499,157,1,32.43
1499,131,1,28.24
1499,9,1,31.11
1499,73,1,26.24
1500,132,1,46.88
1500,93,1,24.91
1500,170,0,5.16
1500,139,1,45.26
1500,6,1,23.46
1501,40,0,24.06
1501,3,0,22.63
1501,146,1,27.46
1501,28,0,14.94
1501,105,0,28.12
1502,146,0,30.09
1502,87,1,22.16
1502,130,0,27.61
1502,77,1,16.51
1502,144,0,28.32
1503,69,0,21.58
1503,160,0,6.67
1503,44,0,21.38
1503,38,0,26.83
1503,39,0,24.56
1504,69,1,31.19
1504,14,1,26.28
1504,106,0,25.82
1504,168,0,4.93
1504,35,1,27.13
1505,172,0,4.46
1505,142,0,23.96
1505,10,0,23.31
1505,165,0,3.77
1505,145,1,33.49
1506,108,1,31.84
1506,173,0,5.8
1506,36,1,34.84
1506,162,0,1.56
1506,69,0,24.97
1507,94,1,30.0
1507,27,0,25.8
1507,142,0,37.11
1507,129,0,39.16
1507,120,1,27.3
1508,130,1,25.46
1508,56,0,19.12
1508,195,1,10.62
1508,199,1,15.08
1508,32,1,30.28
1509,47,1,37.41
1509,70,1,37.79
1509,8,1,33.24
1509,127,0,41.85
1509,59,1,38.54
1510,136,0,28.94
1510,115,0,31.14
1510,174,0,5.15
1510,197,0,14.24
1510,63,0,30.39
1511,99,0,16.37
1511,170,0,6.6
1511,130,0,14.23
1511,3,0,29.45
1511,6,0,28.68
1512,197,1,10.78
1512,155,1,33.09
1512,92,1,26.62
1512,36,1,25.42
1512,103,0,20.37
1513,1,0,41.35
1513,80,0,36.65
1513,157,0,34.48
1513,45,0,34.01
1513,177,1,1.36
1514,169,0,6.11
1514,122,0,30.02
1514,13,0,18.5
1514,16,1,17.75
1514,82,0,23.0
1515,82,0,16.27
1515,52,1,31.46
1515,117,1,16.6
1515,24,1,23.77
1515,108,1,24.27
1516,96,0,36.73
1516,78,1,37.02
1516,0,1,36.31
1516,199,0,12.84
1516,80,1,45.62
1517,20,1,39.6
1517,73,0,30.51
1517,69,0,33.98
1517,181,0,1.28
1517,171,0,4.51
1518,58,0,28.77
1518,81,0,33.98
1518,141,0,36.28
1518,147,0,28.15
1518,89,0,37.19
1519,33,0,29.16
1519,187,0,1.55
1519,80,0,20.73
1519,93,0,21.74
1519,86,0,24.19
1520,118,1,33.73
1520,151,1,27.55
1520,166,0,6.56
1520,3,1,30.98
1520,197,1,8.21
1521,49,0,31.46
1521,145,1,30.15
1521,97,1,23.56
1521,138,1,24.43
1521,176,0,1.05
1522,3,0,35.26
1522,158,1,31.94
1522,146,0,38.12
1522,76,0,17.74
1522,46,1,30.27
1523,188,0,2.48
1523,162,0,10.3
1523,198,0,12.44
1523,125,0,41.8
1523,165,0,4.88
1524,57,1,29.74
1524,31,1,32.62
1524,97,1,27.07
1524,189,1,1.37
1524,98,0,31.55
1525,188,1,1.76
1525,23,0,35.16
1525,182,1,1.32
1525,57,0,36.84
1525,98,0,34.29
1526,43,1,26.24
1526,155,1,26.24
1526,149,0,27.24
1526,13,0,24.65
1526,173,0,5.25
1527,121,1,32.77
1527,7,0,38.1
1527,96,0,35.4
1527,64,0,38.35
1527,4,0,20.75
1528,25,0,18.44
1528,99,0,19.83
1528,30,0,25.46
1528,176,1,1.42
1528,109,1,18.49
1529,108,0,32.35
1529,82,1,27.66
1529,84,1,25.9
1529,188,0,1.7
1529,133,1,27.0
1530,105,0,20.01
1530,141,0,19.52
1530,132,1,23.16
1530,176,1,1.28
1530,22,0,25.51
1531,155,0,18.54
1531,71,0,24.49
1531,175,1,2.95
1531,68,0,31.94
1531,98,0,28.27
1532,70,0,29.74
1532,102,1,24.76
1532,53,1,24.2
1532,175,0,1.33
1532,195,0,11.05
1533,53,0,26.41
1533,122,0,31.53
1533,110,0,27.11
1533,184,1,1.68
1533,86,0,26.22
1534,142,1,31.43
1534,173,0,5.22
1534,42,1,29.33
1534,73,1,32.0
1534,195,0,9.85
1535,71,0,26.56
1535,123,1,29.41
1535,5,1,21.75
1535,109,1,30.71
1535,30,0,25.43
1536,37,0,35.85
1536,155,0,32.2
1536,74,0,26.98
1536,46,0,41.07
1536,31,0,26.51
1537,145,0,20.72
1537,96,0,18.66
1537,16,1,22.94
1537,49,0,24.73
1537,36,0,22.53
1538,34,1,36.81
1538,113,1,25.3
1538,131,1,24.44
1538,63,1,27.05
1538,31,1,23.6
1539,21,1,28.33
1539,156,1,28.33
1539,117,1,23.66
1539,74,1,27.38
1539,53,0,26.47
1540,56,1,22.95
1540,42,1,29.07
1540,41,1,34.71
1540,99,0,30.62
1540,71,1,29.37
1541,117,0,23.61
1541,101,0,17.57
1541,140,1,29.84
1541,186,1,0.96
1541,162,0,6.14
1542,34,0,36.78
1542,160,0,5.9
1542,16,0,28.82
1542,118,0,30.29
1542,192,1,10.98
1543,38,1,26.03
1543,159,1,24.4
1543,125,0,20.15
1543,102,1,31.75
1543,115,0,31.19
1544,136,1,36.91
1544,105,1,32.0
1544,2,0,38.34
1544,57,1,38.63
1544,52,0,25.0
1545,90,1,25.26
1545,33,1,25.34
1545,31,1,27.49
1545,117,0,24.53
1545,125,1,19.71
1546,24,0,30.9
1546,83,1,33.96
1546,21,1,33.1
1546,193,0,11.07
1546,127,0,38.72
1547,7,0,36.69
1547,161,0,2.24
1547,86,1,39.76
1547,169,0,7.75
1547,13,1,43.66
1548,29,0,31.41
1548,138,0,24.82
1548,152,1,22.63
1548,12,0,26.5
1548,150,0,15.43
1549,15,1,25.5
1549,163,0,8.8
1549,115,0,32.52
1549,174,0,4.75
1549,0,0,22.53
1550,34,1,25.24
1550,199,0,7.36
1550,97,0,28.29
1550,3,1,31.96
1550,137,0,34.54
1551,111,1,22.42
1551,153,1,27.3
1551,26,1,31.26
1551,86,1,31.48
1551,49,1,25.74
1552,103,0,27.62
1552,165,0,5.68
1552,194,0,14.44
1552,36,1,33.09
1552,71,0,23.54
1553,2,0,24.11
1553,49,1,30.93
1553,109,1,23.64
1553,32,1,15.29
1553,120,1,25.52
1554,45,1,23.81
1554,5,1,27.55
1554,78,0,26.76
1554,0,1,35.04
1554,169,0,4.32
1555,191,1,8.04
1555,151,0,34.31
1555,65,0,40.26
1555,59,0,35.39
1555,179,1,1.22
1556,152,1,33.36
1556,189,0,2.16
1556,71,1,21.81
1556,157,1,31.48
1556,32,0,21.92
1557,29,1,25.34
1557,49,1,31.91
1557,141,1,36.87
1557,20,1,28.6
1557,146,0,25.21
1558,46,1,30.9
1558,136,1,33.64
1558,154,1,29.12
1558,53,1,37.83
1558,112,1,27.27
1559,17,1,30.02
1559,64,1,25.64
1559,24,1,21.11
1559,59,0,28.78
1559,16,0,24.54
1560,105,0,27.36
1560,129,0,22.75
1560,114,0,35.41
1560,80,0,33.71
1560,191,0,9.25
1561,73,0,30.55
1561,8,0,35.44
1561,123,0,32.13
1561,32,1,27.88
1561,114,0,37.02
1562,136,0,24.02
1562,29,0,37.59
1562,66,0,22.92
1562,195,1,16.6
1562,82,0,27.14
1563,14,1,24.85
1563,119,1,21.54
1563,32,1,30.9
1563,15,0,19.82
1563,100,1,29.97
1564,143,1,21.65
1564,104,0,34.7
1564,55,1,26.47
1564,118,1,30.77
1564,48,1,29.37
1565,182,1,1.93
1565,123,1,32.13
1565,155,0,27.65
1565,114,0,30.53
1565,135,0,27.35
1566,57,0,29.63
1566,183,0,1.11
1566,193,1,16.39
1566,106,1,31.47
1566,149,0,30.82
1567,179,1,1.32
1567,199,1,5.35
1567,12,1,26.46
1567,120,1,25.61
1567,174,0,7.24
1568,14,1,24.35
1568,138,0,21.34
1568,147,1,34.92
1568,9,1,29.64
1568,15,0,31.34
1569,5,1,30.12
1569,143,0,18.46
1569,29,1,27.04
1569,41,0,22.83
1569,138,1,28.05
1570,23,0,37.0
1570,121,0,33.99
1570,58,0,32.91
1570,49,0,39.3
1570,82,1,33.64
1571,167,0,6.23
1571,138,0,24.63
1571,126,1,22.4
1571,36,0,33.52
1571,92,0,22.29
1572,188,1,1.83
1572,113,1,24.43
1572,15,0,28.8
1572,173,0,5.78
1572,105,1,24.33
1573,193,0,14.65
1573,22,1,28.61
1573,46,1,36.07
1573,127,1,31.35
1573,3,1,37.37
1574,49,0,29.81
1574,6,0,35.08
1574,56,0,25.23
1574,26,0,29.02
1574,192,1,16.08
1575,78,0,20.0
1575,100,0,19.38
1575,79,0,31.53
1575,65,0,24.36
1575,124,0,20.54
1576,109,1,26.02
1576,141,0,28.14
1576,168,0,7.66
1576,10,0,31.86
1576,40,1,21.31
1577,102,0,26.52
1577,193,0,10.19
1577,154,1,37.11
1577,132,1,35.84
1577,59,0,37.88
1578,28,0,23.44
1578,170,0,7.58
1578,65,0,22.53
1578,101,0,31.91
1578,83,0,27.31
1579,171,0,9.38
1579,93,1,34.59
1579,99,1,23.23
1579,13,1,32.01
1579,75,1,23.92
1580,119,1,25.5
1580,8,0,21.11
1580,179,0,0.74
1580,85,0,25.77
1580,60,0,21.11
1581,43,0,24.81
1581,126,0,17.87
1581,149,0,30.92
1581,0,0,27.98
1581,183,0,1.93
1582,8,1,34.75
1582,75,1,26.16
1582,77,1,28.97
1582,108,1,39.54
1582,147,1,34.55
1583,35,0,28.01
1583,37,0,32.89
1583,104,0,26.18
1583,92,1,31.99
1583,119,1,37.84
1584,98,1,35.21
1584,102,1,34.95
1584,117,0,19.18
1584,173,0,7.66
1584,116,1,26.56
1585,116,1,28.32
1585,6,0,27.46
1585,172,0,4.0
1585,50,1,23.25
1585,95,0,32.71
1586,104,1,33.55
1586,15,0,31.78
1586,13,0,31.97
1586,176,0,0.91
1586,83,0,40.93
1587,120,0,23.66
1587,12,1,28.66
1587,23,0,27.51
1587,168,0,8.03
1587,31,0,28.36
1588,16,1,31.76
1588,36,1,29.66
1588,64,1,42.89
1588,96,1,34.56
1588,3,1,27.15
1589,26,1,19.49
1589,55,0,25.24
1589,146,0,38.64
1589,73,0,13.2
1589,58,0,25.21
1590,47,0,41.43
1590,179,1,1.07
1590,146,1,24.54
1590,29,1,25.12
1590,185,0,2.48
1591,109,0,29.05
1591,27,0,21.03
1591,196,1,10.02
1591,14,0,18.98
1591,51,0,14.94
1592,108,1,27.22
1592,185,0,0.55
1592,134,0,27.6
1592,72,0,27.63
1592,98,0,32.75
1593,89,1,26.56
1593,61,0,30.76
1593,146,1,22.35
1593,179,1,1.47
1593,20,0,30.11
1594,34,1,20.97
1594,33,0,12.11
1594,84,1,19.32
1594,123,1,28.09
1594,184,0,2.27
1595,121,0,33.14
1595,32,0,18.28
1595,92,0,26.45
1595,175,1,1.94
1595,112,0,25.31
1596,66,1,27.07
1596,124,0,24.7
1596,151,0,30.38
1596,81,1,29.95
1596,115,0,24.4
1597,186,0,1.1
1597,19,0,31.93
1597,198,1,16.59
1597,110,1,30.36
1597,160,0,3.58
1598,147,1,20.16
1598,82,1,26.47
1598,75,0,20.26
1598,65,1,20.69
1598,139,1,17.58
1599,96,1,23.73
1599,198,1,10.68
1599,101,1,26.01
1599,123,0,16.28
1599,190,1,11.57
1600,20,0,27.04
1600,187,1,2.54
1600,118,0,26.64
1600,25,0,19.0
1600,80,0,23.91
1601,3,0,31.15
1601,104,1,24.1
1601,29,1,34.87
1601,178,1,1.3
1601,117,1,29.51
1602,157,0,32.91
1602,78,1,23.28
1602,20,0,36.1
1602,46,0,28.81
1602,140,1,29.5
1603,115,1,24.68
1603,87,0,28.59
1603,8,0,34.88
1603,129,0,25.82
1603,52,0,33.52
1604,162,0,4.51
1604,180,0,1.57
1604,94,1,27.07
1604,177,0,1.71
1604,156,1,26.84
1605,168,0,5.05
1605,179,0,1.41
1605,151,1,46.03
1605,69,1,29.61
1605,131,1,46.94
1606,30,1,24.91
1606,66,0,30.95
1606,135,1,26.79
1606,12,0,24.38
1606,133,0,30.6
1607,36,0,38.91
1607,178,0,1.27
1607,108,1,37.92
1607,172,0,9.9
1607,180,0,1.29
1608,77,0,26.12
1608,33,0,26.15
1608,14,1,24.33
1608,81,0,22.77
1608,162,0,4.04
1609,67,0,13.49
1609,62,0,19.7
1609,17,0,31.23
1609,128,0,14.81
1609,50,0,21.22
1610,186,1,1.52
1610,79,1,36.51
1610,29,0,35.83
1610,56,0,34.33
1610,178,0,1.38
1611,182,0,1.46
1611,114,1,33.34
1611,173,0,7.45
1611,195,1,14.12
1611,74,1,21.72
1612,2,1,22.77
1612,87,0,28.72
1612,60,0,24.67
1612,9,1,34.56
1612,139,1,39.91
1613,90,1,41.26
1613,3,1,22.05
1613,187,0,1.74
1613,153,1,20.37
1613,82,1,20.04
1614,109,0,34.5
1614,172,0,5.11
1614,126,0,33.49
1614,41,1,33.76
1614,46,1,33.13
1615,76,0,21.71
1615,19,0,21.35
1615,79,1,29.7
1615,63,0,23.64
1615,156,0,28.37
1616,3,1,31.4
1616,24,1,30.17
1616,103,1,31.1
1616,31,1,32.07
1616,25,0,32.33
1617,188,0,1.09
1617,147,1,27.0
1617,35,1,29.0
1617,133,1,29.98
1617,116,1,34.96
1618,167,0,7.89
1618,16,0,29.15
1618,132,1,31.13
1618,142,1,36.21
1618,32,0,29.2
1619,7,0,32.18
1619,97,1,35.1
1619,69,0,24.83
1619,149,0,33.71
1619,156,1,17.71
1620,102,0,16.95
1620,74,0,29.36
1620,26,0,28.75
1620,95,0,29.44
1620,144,0,37.63
1621,116,0,30.39
1621,154,1,22.25
1621,91,0,25.57
1621,22,0,24.21
1621,120,0,29.18
1622,174,0,5.86
1622,87,1,28.82
1622,11,0,25.47
1622,82,1,28.3
1622,196,0,9.52
1623,115,1,30.55
1623,137,0,30.39
1623,121,1,29.89
1623,32,0,42.92
1623,147,0,37.21
1624,6,1,30.25
1624,189,0,1.95
1624,14,1,31.54
1624,11,1,36.53
1624,164,0,4.27
1625,137,1,24.74
1625,42,1,26.47
1625,169,0,5.96
1625,179,1,0.96
1625,65,0,18.43
1626,170,0,7.24
1626,85,1,35.63
1626,129,1,40.05
1626,126,1,23.22
1626,185,0,1.71
1627,186,0,1.24
1627,90,1,27.33
1627,136,1,27.83
1627,122,1,23.6
1627,65,1,22.05
1628,24,1,31.7
1628,62,0,23.38
1628,35,0,20.94
1628,66,1,25.2
1628,103,1,15.43
1629,79,1,26.61
1629,134,0,28.6
1629,114,0,23.66
1629,13,0,33.13
1629,65,0,31.85
1630,187,0,1.9
1630,145,1,27.96
1630,171,0,3.83
1630,135,1,20.09
1630,183,1,1.54
1631,77,1,27.25
1631,164,0,6.21
1631,156,1,23.15
1631,26,0,31.95
1631,185,0,1.7
1632,182,1,1.44
1632,6,0,35.9
1632,42,0,25.48
1632,134,0,36.29
1632,105,0,18.21
1633,42,1,29.57
1633,27,1,38.68
1633,25,1,37.7
1633,161,0,5.15
1633,67,1,21.35
1634,50,0,33.64
1634,175,1,2.14
1634,108,0,33.99
1634,151,1,30.25
1634,46,0,33.76
1635,18,1,30.82
1635,7,1,29.31
1635,73,0,34.45
1635,198,0,10.11
1635,129,0,30.35
1636,145,1,36.38
1636,78,1,32.26
1636,59,1,35.28
1636,103,0,29.15
1636,72,1,32.74
1637,150,1,29.3
1637,13,1,31.1
1637,88,1,36.27
1637,188,0,1.41
1637,177,0,1.56
1638,10,0,28.99
1638,95,1,34.34
1638,89,0,24.97
1638,135,0,37.15
1638,1,1,22.5
1639,18,0,31.86
1639,8,0,28.7
1639,79,0,22.49
1639,43,0,37.64
1639,12,0,28.48
1640,92,1,38.38
1640,80,0,36.76
1640,147,1,32.69
1640,24,1,32.87
1640,79,0,31.55
1641,65,0,28.56
1641,2,0,23.87
1641,145,0,24.26
1641,186,1,0.69
1641,131,0,25.59
1642,44,1,28.85
1642,21,0,33.75
1642,95,1,38.18
1642,32,0,25.42
1642,82,1,26.59
1643,112,1,38.99
1643,95,1,39.8
1643,96,0,26.79
1643,7,1,32.19
1643,76,0,38.87
1644,82,0,22.85
1644,59,0,19.47
1644,92,0,34.28
1644,86,0,27.41
1644,25,0,26.51
1645,59,1,17.59
1645,87,0,19.16
1645,28,0,20.85
1645,163,0,3.52
1645,60,0,29.04
1646,126,1,22.44
1646,165,0,2.7
1646,168,0,6.23
1646,120,0,22.3
1646,115,1,25.78
1647,49,1,29.84
1647,193,1,13.02
1647,88,1,38.9
1647,195,1,10.43
1647,119,1,30.14
1648,61,1,34.18
1648,157,1,19.42
1648,87,0,14.94
1648,120,1,30.6
1648,119,1,14.5
1649,24,1,35.29
1649,195,1,14.43
1649,42,1,30.68
1649,84,0,41.37
1649,80,0,43.94
1650,93,0,28.69
1650,59,1,35.85
1650,170,0,9.78
1650,191,0,15.82
1650,99,0,31.45
1651,185,0,2.53
1651,132,0,31.0
1651,181,0,1.87
1651,150,0,36.91
1651,62,0,25.97
1652,10,0,32.13
1652,69,1,34.53
1652,133,0,30.61
1652,114,0,30.91
1652,99,0,23.52
1653,57,1,20.68
1653,111,0,18.75
1653,125,1,21.11
1653,156,1,19.11
1653,193,1,13.67
1654,156,0,31.03
1654,66,0,20.61
1654,15,0,18.77
1654,65,0,29.22
1654,46,0,23.75
1655,71,0,37.38
1655,119,0,29.84
1655,24,1,35.76
1655,112,1,29.75
1655,77,1,27.35
1656,101,1,22.73
1656,174,0,6.27
1656,169,0,5.35
1656,4,0,32.11
1656,56,0,23.06
1657,54,1,27.24
1657,145,1,18.22
1657,114,0,24.76
1657,15,0,29.84
1657,47,1,35.22
1658,124,1,31.95
1658,143,0,25.85
1658,18,1,27.71
1658,39,1,24.91
1658,17,1,24.87
1659,54,1,30.85
1659,75,1,28.95
1659,61,1,17.16
1659,38,1,25.41
1659,29,0,23.98
1660,24,0,32.45
1660,142,1,29.12
1660,100,1,35.81
1660,108,1,28.13
1660,6,1,39.98
1661,194,0,13.38
1661,197,0,16.83
1661,8,0,37.98
1661,171,0,6.55
1661,122,0,32.26
1662,4,1,33.05
1662,46,0,22.88
1662,197,0,10.83
1662,152,0,27.85
1662,198,0,11.95
1663,64,1,27.52
1663,21,1,38.07
1663,186,1,0.99
1663,99,1,28.81
1663,164,0,4.63
1664,11,1,33.94
1664,173,0,7.27
1664,9,1,40.16
1664,136,0,28.84
1664,74,1,40.03
1665,62,0,29.1
1665,12,0,26.98
1665,140,0,29.18
1665,87,1,29.84
1665,33,0,35.4
1666,195,0,10.54
1666,158,1,13.77
1666,123,1,28.35
1666,37,1,15.84
1666,186,1,2.21
1667,91,0,23.56
1667,120,1,21.27
1667,112,0,27.92
1667,48,1,18.67
1667,150,1,28.35
1668,6,1,26.27
1668,38,0,25.08
1668,8,1,31.23
1668,33,1,19.57
1668,137,1,21.33
1669,104,1,40.27
1669,85,0,33.81
1669,88,1,24.78
1669,35,1,36.31
1669,38,0,27.0
1670,81,1,32.65
1670,191,1,13.9
1670,132,1,34.96
1670,90,0,39.3
1670,193,1,11.45
1671,179,1,1.93
1671,6,1,40.23
1671,126,1,37.83
1671,1,1,26.85
1671,28,1,23.69
1672,164,0,5.68
1672,55,1,26.1
1672,46,0,30.31
1672,132,0,33.18
1672,98,1,24.94
1673,186,1,0.69
1673,7,1,25.96
1673,74,1,30.06
1673,6,0,35.96
1673,98,0,28.11
1674,36,0,42.24
1674,25,0,43.05
1674,91,0,32.63
1674,14,1,37.72
1674,115,0,36.56
1675,93,1,17.99
1675,112,0,27.96
1675,130,1,22.98
1675,132,1,27.04
1675,73,0,20.75
1676,18,0,28.72
1676,7,0,17.78
1676,94,0,35.04
1676,190,1,10.21
1676,177,0,0.38
1677,190,0,11.97
1677,39,0,28.85
1677,174,0,3.81
1677,31,0,24.51
1677,161,0,2.26
1678,152,1,39.95
1678,177,1,1.91
1678,76,0,24.28
1678,135,1,24.07
1678,50,0,40.96
1679,149,1,21.84
1679,4,1,33.67
1679,141,1,26.84
1679,45,1,24.09
1679,41,1,27.77
1680,198,1,11.67
1680,170,0,6.88
1680,83,1,21.54
1680,128,1,34.89
1680,189,0,1.01
1681,155,0,22.84
1681,105,0,22.57
1681,160,0,5.07
1681,183,0,1.87
1681,117,1,28.72
1682,191,1,8.34
1682,50,0,29.7
1682,28,0,32.23
1682,51,1,22.35
1682,107,0,26.37
1683,1,1,37.03
1683,194,1,7.07
1683,186,1,1.68
1683,190,1,17.82
1683,192,1,5.13
1684,139,0,43.74
1684,190,1,15.5
1684,121,0,42.35
1684,60,0,34.45
1684,88,0,43.44
1685,103,1,29.44
1685,117,1,44.25
1685,105,0,34.11
1685,122,1,36.25
1685,137,1,34.69
1686,166,0,4.04
1686,69,0,11.08
1686,184,0,1.73
1686,100,0,29.15
1686,119,1,25.92
1687,157,0,25.93
1687,172,0,6.35
1687,135,1,23.36
1687,147,1,32.96
1687,39,0,28.37
1688,142,1,30.12
1688,44,1,20.33
1688,130,1,24.91
1688,6,1,26.15
1688,188,0,1.05
1689,160,0,7.69
1689,151,0,28.62
1689,102,0,31.81
1689,186,0,0.68
1689,80,0,29.54
1690,94,0,24.11
1690,72,1,32.63
1690,157,1,18.71
1690,75,0,24.2
1690,6,1,30.5
1691,67,0,13.57
1691,7,0,15.53
1691,187,1,1.07
1691,119,1,24.1
1691,19,1,23.07
1692,149,1,34.47
1692,193,0,8.43
1692,27,0,27.41
1692,181,1,1.22
1692,182,0,1.73
1693,23,0,35.57
1693,6,0,39.07
1693,118,1,38.06
1693,183,0,2.17
1693,131,0,38.72
1694,5,0,22.36
1694,78,0,19.67
1694,121,0,18.64
1694,68,0,23.04
1694,153,0,19.95
1695,48,1,33.96
1695,120,1,42.11
1695,25,1,32.01
1695,199,1,10.01
1695,84,0,25.74
1696,133,1,29.31
1696,158,0,25.4
1696,103,0,25.89
1696,90,0,28.51
1696,116,0,39.35
1697,52,1,33.39
1697,148,0,27.91
1697,124,0,40.24
1697,173,0,7.27
1697,7,1,34.35
1698,80,0,21.63
1698,61,1,19.02
1698,18,0,19.92
1698,196,0,8.33
1698,136,0,26.98
1699,126,1,30.58
1699,36,1,25.58
1699,133,1,36.07
1699,176,1,0.72
1699,15,1,30.57
1700,182,1,1.09
1700,132,0,32.7
1700,172,0,4.24
1700,164,0,3.62
1700,61,0,36.86
1701,54,0,39.89
1701,74,0,28.53
1701,28,1,22.84
1701,49,0,31.88
1701,163,0,6.24
1702,17,0,31.1
1702,101,0,31.18
1702,55,0,24.68
1702,130,1,25.3
1702,54,1,27.02
1703,96,1,29.22
1703,91,1,27.19
1703,19,0,21.03
1703,183,1,1.87
1703,51,0,21.61
1704,190,1,16.57
1704,68,1,36.2
1704,67,0,35.41
1704,31,1,34.37
1704,13,1,32.02
1705,68,0,32.15
1705,118,1,24.47
1705,36,0,39.93
1705,158,0,35.59
1705,67,0,35.21
1706,65,1,33.03
1706,43,1,40.69
1706,87,0,29.5
1706,150,1,23.85
1706,18,0,33.56
1707,179,0,0.96
1707,111,0,33.0
1707,137,0,40.84
1707,74,1,35.81
1707,191,0,11.44
1708,172,0,8.44
1708,72,0,34.8
1708,73,0,27.69
1708,33,0,32.46
1708,31,0,30.6
1709,16,0,26.57
1709,85,1,37.64
1709,88,0,41.5
1709,35,0,25.41
1709,186,0,1.31
1710,165,0,8.3
1710,144,1,20.33
1710,99,0,34.58
1710,58,1,26.75
1710,69,0,32.39
1711,123,1,33.43
1711,146,1,33.75
1711,38,0,41.56
1711,133,0,39.17
1711,85,1,35.89
1712,37,1,30.35
1712,85,1,20.28
1712,174,0,6.53
1712,79,0,21.07
1712,146,1,23.84
1713,156,1,27.99
1713,119,0,36.16
1713,183,1,1.42
1713,25,0,48.73
1713,19,1,37.73
1714,171,0,7.8
1714,42,1,19.87
1714,35,0,21.32
1714,5,0,17.54
1714,110,0,28.17
1715,46,1,32.89
1715,117,1,35.62
1715,36,0,20.79
1715,190,0,14.76
1715,3,1,31.21
1716,88,1,54.68
1716,44,1,44.11
1716,182,1,1.14
1716,190,1,14.15
1716,41,1,37.59
1717,6,0,27.47
1717,72,0,30.42
1717,51,1,17.15
1717,35,0,20.38
1717,181,0,2.01
1718,81,0,30.46
1718,165,0,5.62
1718,90,0,47.17
1718,60,0,38.16
1718,98,0,36.01
1719,29,1,36.7
1719,83,1,24.14
1719,90,1,19.45
1719,50,1,26.02
1719,97,1,30.71
1720,90,0,20.66
1720,109,0,27.65
1720,1,1,25.48
1720,127,1,18.44
1720,95,0,24.58
1721,192,1,14.8
1721,131,1,29.06
1721,123,1,35.38
1721,199,1,16.05
1721,14,1,33.01
1722,195,1,7.61
1722,9,1,37.3
1722,189,0,1.59
1722,103,1,29.18
1722,88,1,25.43
1723,174,0,7.41
1723,119,0,35.94
1723,64,1,33.02
1723,141,1,24.16
1723,14,1,31.85
1724,41,0,26.33
1724,138,1,24.27
1724,66,1,17.2
1724,87,0,25.34
1724,57,1,25.37
1725,108,1,30.48
1725,50,0,32.33
1725,169,0,6.5
1725,121,1,37.71
1725,100,1,25.57
1726,143,0,32.66
1726,27,1,22.38
1726,2,1,24.41
1726,35,1,24.0
1726,130,1,28.77
1727,150,1,27.99
1727,88,1,23.08
1727,50,1,19.75
1727,121,0,27.85
1727,147,1,18.05
1728,153,0,27.56
1728,46,0,35.78
1728,87,0,33.52
1728,141,0,30.38
1728,176,0,1.17
1729,175,1,0.9
1729,143,0,36.86
1729,182,1,1.22
1729,49,0,33.64
1729,139,1,37.95
1730,164,0,9.45
1730,25,1,33.21
1730,169,0,6.52
1730,32,0,28.93
1730,70,1,34.87
1731,70,1,20.55
1731,145,1,32.68
1731,19,1,24.73
1731,182,1,2.34
1731,52,0,19.83
1732,164,0,7.54
1732,166,0,0.3
1732,150,0,27.25
1732,195,1,14.17
1732,52,0,26.71
1733,171,0,3.95
1733,9,1,22.46
1733,49,1,25.39
1733,183,1,1.78
1733,43,1,32.04
1734,162,0,5.58
1734,79,1,22.87
1734,56,0,22.17
1734,82,1,14.06
1734,99,1,22.62
1735,45,1,32.3
1735,22,1,26.63
1735,120,0,25.55
1735,13,0,25.78
1735,54,0,23.78
1736,25,1,29.92
1736,2,1,35.03
1736,165,0,5.95
1736,6,1,25.44
1736,143,1,29.85
1737,134,1,26.83
1737,85,1,26.1
1737,153,0,34.54
1737,77,0,31.98
1737,21,1,31.28
1738,146,0,35.22
1738,30,0,28.71
1738,127,0,26.85
1738,194,1,8.53
1738,112,0,26.92
1739,44,0,25.97
1739,42,0,28.15
1739,84,0,24.12
1739,85,0,20.43
1739,1,1,23.26
1740,93,1,24.66
1740,44,0,34.74
1740,145,1,37.46
1740,26,0,30.84
1740,75,0,39.73
1741,151,1,23.74
1741,17,1,9.37
1741,196,1,15.4
1741,113,1,24.11
1741,107,0,20.08
1742,38,0,40.47
1742,0,1,32.41
1742,175,1,0.95
1742,114,0,36.77
1742,29,1,29.83
1743,108,0,22.86
1743,159,0,19.24
1743,94,1,34.54
1743,140,0,20.53
1743,144,1,29.31
1744,168,0,4.98
1744,14,0,33.62
1744,179,1,0.94
1744,64,0,41.17
1744,78,0,32.95
1745,173,0,5.63
1745,67,0,27.53
1745,63,1,23.56
1745,120,0,29.13
1745,118,1,28.14
1746,81,1,33.74
1746,78,1,29.41
1746,21,1,29.51
1746,73,1,28.95
1746,138,0,33.17
1747,11,0,28.83
1747,40,0,33.54
1747,184,0,1.33
1747,127,1,34.28
1747,183,1,1.66
1748,21,1,21.96
1748,38,0,21.91
1748,191,1,12.18
1748,96,1,14.79
1748,121,1,20.8
1749,150,1,17.0
1749,36,1,27.75
1749,192,0,11.81
1749,52,0,24.47
1749,24,0,29.71
1750,71,1,24.64
1750,53,1,22.53
1750,137,0,30.47
1750,76,1,21.32
1750,57,1,28.66
1751,35,1,21.36
1751,65,1,24.62
1751,89,1,20.43
1751,45,1,27.37
1751,101,1,17.34
1752,185,0,0.89
1752,22,1,27.17
1752,182,1,1.76
1752,85,0,36.64
1752,164,0,9.89
1753,175,1,0.66
1753,127,0,29.58
1753,110,0,26.26
1753,70,0,31.33
1753,113,0,35.76
1754,43,1,20.11
1754,9,1,24.73
1754,62,1,21.49
1754,13,1,24.92
1754,69,1,27.27
1755,160,0,7.56
1755,185,0,1.0
1755,27,0,18.27
1755,97,0,33.82
1755,90,0,19.52
1756,128,0,18.34
1756,197,0,14.72
1756,33,0,9.02
1756,84,0,23.53
1756,189,0,2.32
1757,121,1,37.91
1757,153,1,45.88
1757,180,0,1.79
1757,7,1,37.84
1757,57,1,27.59
1758,130,1,24.6
1758,143,1,21.38
1758,44,0,14.77
1758,18,1,25.67
1758,2,1,23.01
1759,91,1,25.35
1759,104,1,34.12
1759,18,1,24.22
1759,144,1,26.7
1759,153,1,26.55
1760,28,1,33.18
1760,53,1,31.02
1760,97,0,24.27
1760,94,0,34.67
1760,169,0,8.7
1761,57,0,36.24
1761,32,0,29.16
1761,9,1,36.12
1761,179,0,1.45
1761,58,1,42.57
1762,130,0,25.23
1762,119,0,25.63
1762,94,1,16.47
1762,194,0,14.05
1762,133,1,20.86
1763,18,0,42.73
1763,121,1,38.44
1763,106,1,36.09
1763,6,0,32.03
1763,76,1,35.87
1764,116,1,32.05
1764,165,0,4.05
1764,184,0,1.15
1764,174,0,2.83
1764,109,1,36.73
1765,3,1,46.35
1765,84,1,19.02
1765,133,1,31.34
1765,171,0,6.04
1765,157,1,29.04
1766,25,0,25.3
1766,149,0,28.51
1766,89,1,29.67
1766,121,0,37.36
1766,132,1,30.7
1767,110,1,29.04
1767,158,0,33.34
1767,20,0,26.59
1767,177,0,2.34
1767,178,0,1.8
1768,166,0,0.3
1768,162,0,7.22
1768,196,0,14.34
1768,185,1,1.38
1768,141,0,14.66
1769,113,0,31.89
1769,105,1,24.05
1769,2,1,26.5
1769,120,0,33.68
1769,165,0,9.15
1770,127,0,27.34
1770,129,0,36.66
1770,83,0,31.22
1770,154,1,26.45
1770,19,0,34.38
1771,45,0,32.73
1771,144,0,38.63
1771,51,0,32.73
1771,33,0,29.82
1771,43,0,33.93
1772,80,0,18.07
1772,85,0,23.66
1772,27,0,32.53
1772,14,0,31.68
1772,15,1,20.25
1773,129,1,37.01
1773,18,0,22.38
1773,20,0,24.13
1773,65,1,26.7
1773,14,1,28.27
1774,93,0,34.02
1774,72,0,30.87
1774,170,0,7.95
1774,134,1,29.33
1774,164,0,6.63
1775,162,0,6.03
1775,160,0,5.64
1775,118,0,20.27
1775,8,1,23.06
1775,184,1,0.6
1776,80,1,21.93
1776,27,0,22.43
1776,63,0,27.96
1776,181,0,1.49
1776,57,1,31.39
1777,197,1,9.2
1777,27,1,24.89
1777,50,1,28.74
1777,141,0,18.77
1777,28,1,25.08
1778,93,0,24.72
1778,67,0,20.01
1778,22,0,27.28
1778,133,0,26.83
1778,85,0,22.28
1779,161,0,5.94
1779,138,1,23.23
1779,105,1,20.95
1779,148,0,20.1
1779,112,1,25.66
1780,152,0,28.67
1780,167,0,5.32
1780,12,0,24.8
1780,84,0,28.43
1780,27,0,30.24
1781,125,0,24.04
1781,8,0,24.0
1781,10,0,31.48
1781,41,0,26.26
1781,36,0,22.81
1782,100,0,23.3
1782,134,0,25.36
1782,124,0,24.42
1782,153,0,20.92
1782,7,0,33.36
1783,103,1,31.27
1783,56,1,28.67
1783,140,0,38.48
1783,127,0,30.22
1783,135,0,36.79
1784,38,0,16.49
1784,109,1,8.44
1784,93,0,18.13
1784,74,1,27.41
1784,130,1,29.1
1785,176,1,1.62
1785,81,0,30.17
1785,95,0,23.28
1785,16,0,26.54
1785,175,1,1.89
1786,192,1,11.69
1786,66,0,24.94
1786,24,0,28.55
1786,69,0,20.77
1786,108,0,29.22
1787,94,1,27.73
1787,145,1,31.83
1787,88,0,19.27
1787,72,0,18.46
1787,117,0,38.33
1788,141,0,27.03
1788,64,1,29.36
1788,131,0,26.68
1788,197,1,11.61
1788,161,0,7.05
1789,40,1,34.73
1789,116,1,40.08
1789,44,0,35.9
1789,92,1,39.98
1789,153,1,30.72
1790,145,0,26.64
1790,118,0,30.06
1790,83,0,30.57
1790,84,1,33.82
1790,106,1,24.33
1791,156,0,44.13
1791,86,1,27.71
1791,161,0,7.3
1791,113,1,33.25
1791,64,1,39.15
1792,153,0,17.2
1792,87,0,21.49
1792,41,0,27.52
1792,149,0,21.53
1792,125,0,21.36
1793,111,0,23.87
1793,51,0,24.57
1793,156,1,44.5
1793,176,0,1.57
1793,118,0,33.64
1794,168,0,8.54
1794,112,0,38.77
1794,125,0,37.06
1794,153,1,35.12
1794,172,0,3.41
1795,166,0,4.5
1795,160,0,6.28
1795,132,0,13.89
1795,4,0,21.5
1795,22,1,20.07
1796,65,1,28.81
1796,185,0,0.94
1796,131,1,23.53
1796,188,1,1.51
1796,87,1,29.96
1797,177,1,1.27
1797,69,1,20.99
1797,45,0,27.74
1797,165,0,3.95
1797,137,0,29.92
1798,80,0,33.64
1798,117,1,30.98
1798,56,0,30.63
1798,145,1,32.67
1798,15,1,26.63
1799,46,1,17.58
1799,69,1,24.77
1799,128,1,24.14
1799,119,0,14.93
1799,159,1,27.78
1800,95,0,29.39
1800,118,0,28.39
1800,196,1,15.43
1800,21,0,29.28
1800,60,0,27.81
1801,185,0,1.94
1801,30,0,23.75
1801,21,0,30.26
1801,89,0,34.44
1801,54,1,24.36
1802,121,0,30.75
1802,70,0,27.49
1802,178,0,1.85
1802,8,0,34.68
1802,176,0,1.09
1803,113,0,24.14
1803,136,1,30.44
1803,173,0,10.15
1803,64,1,33.31
1803,147,1,19.83
1804,88,0,44.02
1804,187,0,2.06
1804,99,0,43.44
1804,177,1,2.1
1804,63,0,34.24
1805,45,0,25.07
1805,80,0,19.48
1805,118,0,22.75
1805,117,0,21.74
1805,185,0,1.75
1806,198,1,17.49
1806,66,1,33.25
1806,160,0,8.45
1806,163,0,5.72
1806,136,1,32.6
1807,39,0,28.83
1807,197,0,10.33
1807,47,0,22.01
1807,26,0,17.25
1807,128,0,25.35
1808,89,0,26.26
1808,160,0,5.88
1808,142,0,26.77
1808,163,0,8.53
1808,194,1,9.69
1809,23,1,26.47
1809,139,1,31.8
1809,130,1,39.54
1809,87,1,27.98
1809,45,0,25.79
1810,19,0,26.7
1810,66,0,28.72
1810,46,0,19.99
1810,104,1,26.23
1810,158,0,24.79
1811,149,0,29.75
1811,38,1,24.56
1811,186,0,0.65
1811,162,0,5.42
1811,142,1,31.72
1812,124,1,27.87
1812,164,0,5.56
1812,62,1,34.8
1812,151,1,18.53
1812,70,0,29.57
1813,34,0,12.62
1813,100,0,20.04
1813,123,0,23.95
1813,5,0,28.43
1813,93,0,25.28
1814,27,0,19.08
1814,15,1,38.99
1814,43,0,24.8
1814,112,0,32.12
1814,11,1,26.18
1815,170,0,4.85
1815,19,0,16.51
1815,120,0,28.99
1815,199,0,12.68
1815,110,1,16.53
1816,145,0,19.16
1816,182,0,1.1
1816,94,0,21.62
1816,155,0,20.5
1816,140,1,23.27
1817,158,0,27.81
1817,166,0,5.65
1817,73,0,24.89
1817,162,0,5.64
1817,42,0,26.1
1818,197,1,10.32
1818,135,1,40.68
1818,17,0,33.43
1818,191,1,16.78
1818,70,0,39.41
1819,25,1,28.41
1819,96,0,26.76
1819,24,1,21.32
1819,40,0,28.37
1819,42,0,28.51
1820,146,0,31.87
1820,93,0,32.95
1820,56,1,33.1
1820,138,1,43.28
1820,131,0,34.83
1821,102,1,29.9
1821,198,0,8.18
1821,87,1,22.8
1821,188,0,1.63
1821,195,0,13.61
1822,2,0,29.46
1822,1,0,35.77
1822,115,1,39.92
1822,173,0,6.1
1822,96,0,33.48
1823,93,1,29.72
1823,33,1,34.69
1823,140,1,32.05
1823,113,1,30.47
1823,12,0,34.9
1824,53,1,17.42
1824,144,1,20.0
1824,173,0,7.96
1824,142,1,35.8
1824,96,1,22.1
1825,45,1,22.12
1825,177,1,0.8
1825,176,0,1.72
1825,175,1,2.06
1825,128,1,25.51
1826,195,0,13.57
1826,132,0,20.76
1826,120,0,23.68
1826,152,0,21.14
1826,68,0,31.84
1827,195,0,9.64
1827,82,1,31.51
1827,18,1,33.71
1827,181,0,0.77
1827,136,0,26.91
1828,123,1,25.2
1828,182,0,1.74
1828,49,1,24.81
1828,60,1,30.11
1828,150,1,23.07
1829,156,0,27.24
1829,42,1,40.23
1829,99,1,30.4
1829,187,0,2.4
1829,143,0,32.14
1830,130,0,14.06
1830,75,0,19.9
1830,47,0,27.37
1830,120,0,19.19
1830,7,0,24.11
1831,7,0,10.77
1831,117,1,23.23
1831,87,1,16.76
1831,156,0,15.27
1831,30,1,19.67
1832,63,1,25.56
1832,188,0,1.71
1832,185,0,1.25
1832,78,0,32.02
1832,94,1,18.84
1833,49,1,36.58
1833,86,0,35.27
1833,59,0,41.17
1833,114,0,35.15
1833,77,0,38.43
1834,93,0,25.61
1834,146,1,28.09
1834,12,0,26.68
1834,94,0,25.14
1834,25,0,30.99
1835,187,1,1.4
1835,22,0,29.09
1835,40,1,20.78
1835,177,0,1.13
1835,36,1,21.17
1836,17,0,40.9
1836,134,1,32.92
1836,138,1,36.05
1836,175,0,1.19
1836,130,1,25.88
1837,140,0,28.27
1837,182,1,0.62
1837,85,0,27.83
1837,19,0,25.25
1837,193,1,17.5
1838,158,1,34.98
1838,145,1,34.36
1838,66,1,37.0
1838,119,0,37.9
1838,2,1,27.33
1839,168,0,6.01
1839,172,0,5.19
1839,113,1,18.62
1839,104,1,18.29
1839,7,0,22.68
1840,68,1,22.95
1840,114,0,31.13
1840,191,0,11.25
1840,91,0,35.19
1840,121,0,33.63
1841,170,0,5.1
1841,96,0,29.48
1841,136,1,32.46
1841,179,1,1.3
1841,1,0,29.1
1842,96,1,24.29
1842,135,1,20.61
1842,144,1,11.06
1842,157,1,19.37
1842,62,1,25.82
1843,68,1,25.68
1843,158,1,23.89
1843,20,1,33.83
1843,149,0,26.2
1843,88,1,27.74
1844,133,1,26.77
1844,51,1,21.76
1844,128,0,26.47
1844,113,1,24.36
1844,169,0,8.04
1845,58,0,27.46
1845,162,0,9.85
1845,151,1,37.52
1845,144,1,26.16
1845,142,1,29.9
1846,112,0,15.3
1846,49,0,20.13
1846,55,1,20.87
1846,114,0,15.5
1846,18,0,26.04
1847,184,0,1.95
1847,12,0,31.46
1847,117,1,35.43
1847,90,1,38.25
1847,54,1,36.3
1848,137,0,34.85
1848,152,0,34.81
1848,17,1,37.28
1848,16,1,37.25
1848,154,0,37.05
1849,89,0,19.47
1849,10,0,22.8
1849,177,1,0.55
1849,108,0,30.57
1849,171,0,4.77
1850,104,0,35.4
1850,169,0,11.4
1850,39,0,30.28
1850,44,0,28.27
1850,150,0,35.63
1851,161,0,5.3
1851,49,0,31.11
1851,93,1,29.78
1851,115,1,29.58
1851,78,1,22.04
1852,65,1,25.57
1852,57,0,29.44
1852,47,0,27.7
1852,102,0,12.12
1852,22,0,23.31
1853,63,0,29.07
1853,27,0,25.71
1853,147,0,23.98
1853,95,0,21.62
1853,47,0,26.08
1854,180,0,1.64
1854,15,0,17.74
1854,11,0,28.92
1854,72,1,35.28
1854,89,0,21.88
1855,62,0,23.46
1855,98,1,25.17
1855,82,1,21.96
1855,29,0,25.3
1855,133,0,24.48
1856,29,0,37.5
1856,125,0,36.0
1856,8,0,41.67
1856,58,1,37.78
1856,106,0,37.85
1857,178,1,2.22
1857,105,1,28.12
1857,72,1,18.33
1857,43,0,31.4
1857,122,1,30.75
1858,68,1,39.01
1858,135,1,18.91
1858,184,1,1.69
1858,36,1,28.58
1858,67,1,30.95
1859,43,1,29.65
1859,77,1,34.91
1859,194,1,10.0
1859,103,1,23.8
1859,76,1,36.53
1860,20,1,27.2
1860,108,0,31.62
1860,178,1,0.99
1860,70,0,33.08
1860,77,0,19.65
1861,26,1,27.07
1861,75,0,33.7
1861,181,1,2.54
1861,174,0,5.02
1861,126,1,27.47
1862,152,0,22.95
1862,42,1,27.33
1862,166,0,4.83
1862,189,0,1.65
1862,117,0,29.8
1863,111,0,34.54
1863,116,0,35.66
1863,138,1,32.85
1863,51,1,38.85
1863,47,0,36.72
1864,25,1,34.87
1864,53,1,39.6
1864,194,0,10.96
1864,77,0,30.97
1864,154,1,38.55
1865,159,0,39.62
1865,35,0,39.37
1865,116,1,33.13
1865,96,1,41.2
1865,147,0,37.27
1866,77,0,34.19
1866,89,1,41.32
1866,137,1,39.72
1866,144,1,42.09
1866,76,1,34.89
1867,184,1,2.23
1867,186,0,1.28
1867,97,1,23.06
1867,144,0,31.8
1867,33,1,21.49
1868,60,0,23.06
1868,69,0,15.12
1868,182,0,1.61
1868,56,0,27.58
1868,71,0,24.4
1869,82,0,16.96
1869,67,1,23.72
1869,124,1,20.97
1869,168,0,10.59
1869,153,1,20.19
1870,186,0,1.47
1870,8,1,24.79
1870,32,0,29.7
1870,68,0,33.02
1870,67,1,30.52
1871,186,0,1.0
1871,81,0,27.32
1871,151,0,23.66
1871,183,1,1.56
1871,15,0,25.06
1872,100,0,29.88
1872,27,1,27.57
1872,92,1,27.49
1872,13,1,22.21
1872,59,0,29.85
1873,163,0,6.7
1873,160,0,4.11
1873,14,1,17.45
1873,53,1,17.36
1873,130,1,29.54
1874,91,1,32.55
1874,40,0,22.2
1874,170,0,4.31
1874,165,0,5.34
1874,16,0,27.62
1875,56,0,23.05
1875,20,0,27.88
1875,117,1,31.74
1875,97,0,25.27
1875,184,1,1.4
1876,123,1,26.43
1876,64,1,27.3
1876,39,0,36.37
1876,120,0,30.49
1876,176,0,1.12
1877,5,1,24.43
1877,26,1,30.21
1877,57,1,24.48
1877,163,0,5.84
1877,114,0,29.59
1878,126,1,37.44
1878,148,1,40.67
1878,99,1,36.1
1878,110,0,34.39
1878,197,1,11.18
1879,43,1,25.94
1879,111,1,30.56
1879,132,0,38.73
1879,197,0,12.05
1879,20,0,29.85
1880,61,0,30.91
1880,74,0,20.25
1880,29,0,25.23
1880,168,0,6.24
1880,89,0,26.09
1881,39,0,18.65
1881,5,0,19.49
1881,195,0,11.31
1881,149,1,21.2
1881,177,1,2.08
1882,6,0,38.13
1882,35,0,40.3
1882,191,0,10.95
1882,143,0,40.59
1882,159,0,40.48
1883,57,0,23.54
1883,109,0,32.5
1883,106,1,32.77
1883,82,1,21.4
1883,104,1,21.95
1884,118,1,22.94
1884,9,0,22.36
1884,91,1,21.01
1884,110,1,26.31
1884,106,1,25.9
1885,159,0,30.1
1885,30,0,31.89
1885,128,0,25.26
1885,7,0,32.04
1885,165,0,5.36
1886,197,1,11.45
1886,80,0,30.6
1886,62,1,23.22
1886,120,1,34.64
1886,42,1,29.32
1887,189,1,1.65
1887,31,1,31.86
1887,14,0,24.22
1887,153,0,28.69
1887,160,0,5.88
1888,90,1,25.17
1888,199,1,10.54
1888,13,0,42.57
1888,100,0,30.96
1888,150,0,35.25
1889,100,0,25.52
1889,125,0,24.3
1889,155,0,17.51
1889,94,0,17.7
1889,158,0,20.83
1890,196,1,12.12
1890,166,0,4.92
1890,193,1,12.01
1890,1,0,33.79
1890,77,0,34.66
1891,33,0,35.18
1891,43,0,31.27
1891,16,1,35.49
1891,76,0,22.83
1891,97,0,33.94
1892,92,1,32.05
1892,72,0,32.95
1892,109,1,36.45
1892,107,0,38.94
1892,12,0,39.5
1893,114,1,28.18
1893,194,1,14.04
1893,15,0,29.36
1893,104,1,23.65
1893,11,1,33.25
1894,89,0,30.13
1894,108,0,34.62
1894,19,0,33.95
1894,162,0,5.2
1894,43,0,18.47
1895,157,0,32.77
1895,60,0,40.42
1895,130,1,40.91
1895,191,0,19.68
1895,75,0,31.92
1896,61,1,31.79
1896,18,1,20.95
1896,97,0,28.7
1896,91,0,36.68
1896,150,1,36.27
1897,78,1,25.89
1897,179,0,1.08
1897,12,1,20.79
1897,93,1,26.14
1897,149,0,20.56
1898,172,0,8.13
1898,160,0,6.16
1898,184,1,0.54
1898,69,1,34.91
1898,50,0,47.24
1899,149,1,23.07
1899,77,0,21.14
1899,60,0,19.56
1899,148,1,21.77
1899,79,0,21.81
1900,136,1,30.05
1900,4,1,31.26
1900,105,0,22.42
1900,42,1,26.44
1900,194,1,10.85
1901,175,0,1.51
1901,77,1,21.27
1901,149,0,24.48
1901,167,0,9.2
1901,21,1,27.85
1902,116,0,29.8
1902,143,1,29.8
1902,92,0,31.37
1902,61,1,29.24
1902,100,1,27.6
1903,70,1,24.41
1903,46,0,29.2
1903,80,1,25.47
1903,74,0,25.65
1903,34,1,25.79
1904,46,0,18.81
1904,47,1,28.03
1904,3,1,16.83
1904,37,0,25.18
1904,0,1,20.79
1905,164,0,8.6
1905,175,1,2.41
1905,55,0,25.08
1905,3,1,20.09
1905,99,0,16.16
1906,118,0,20.78
1906,86,0,28.7
1906,73,0,25.89
1906,81,0,34.39
1906,125,0,29.47
1907,20,1,31.79
1907,153,0,27.43
1907,73,0,38.78
1907,117,0,30.88
1907,39,0,22.56
1908,12,1,31.79
1908,152,0,27.31
1908,31,0,39.36
1908,149,1,31.99
1908,124,1,29.89
1909,190,0,14.5
1909,157,0,21.82
1909,80,1,27.1
1909,114,1,17.07
1909,198,0,8.51
1910,164,0,6.43
1910,195,0,8.24
1910,80,1,19.69
1910,24,0,27.52
1910,70,0,28.34
1911,6,0,20.74
1911,132,1,21.34
1911,177,0,1.13
1911,73,1,27.07
1911,145,1,31.24
1912,181,1,1.99
1912,164,0,6.23
1912,36,1,29.64
1912,72,0,24.15
1912,30,0,34.25
1913,14,0,25.87
1913,167,0,4.76
1913,118,1,25.34
1913,97,1,34.8
1913,9,0,32.28
1914,124,0,29.58
1914,3,0,30.13
1914,36,0,24.63
1914,165,0,7.86
1914,83,0,30.16
1915,77,1,27.98
1915,24,0,30.7
1915,131,1,18.72
1915,65,1,19.22
1915,165,0,9.63
1916,178,1,1.16
1916,193,0,13.36
1916,25,0,37.93
1916,155,1,31.6
1916,61,0,24.68
1917,195,1,12.9
1917,18,0,9.41
1917,37,0,33.45
1917,43,0,23.64
1917,42,0,25.8
1918,191,1,14.66
1918,172,0,9.86
1918,60,1,20.86
1918,16,1,19.56
1918,64,0,27.19
1919,93,1,34.98
1919,67,0,32.81
1919,63,0,29.18
1919,196,1,16.54
1919,6,0,25.59
1920,51,0,22.4
1920,159,0,34.95
1920,169,0,8.77
1920,132,0,25.5
1920,147,0,25.03
1921,166,0,6.27
1921,130,1,23.32
1921,107,1,24.47
1921,135,1,21.2
1921,84,1,22.33
1922,67,1,23.83
1922,155,1,30.72
1922,190,1,17.2
1922,184,0,1.53
1922,135,1,22.99
1923,97,1,21.79
1923,16,1,24.43
1923,60,0,24.9
1923,17,0,19.55
1923,196,1,11.43
1924,154,1,26.1
1924,46,0,33.97
1924,90,0,37.7
1924,37,0,20.52
1924,131,1,29.16
1925,115,0,21.6
1925,75,0,22.69
1925,86,0,20.25
1925,166,0,7.83
1925,114,0,26.15
1926,67,0,21.92
1926,91,1,25.29
1926,170,0,3.45
1926,42,1,20.18
1926,76,1,17.68
1927,69,0,25.93
1927,135,0,32.76
1927,160,0,3.67
1927,22,0,25.3
1927,86,0,32.38
1928,195,0,15.47
1928,131,0,46.31
1928,165,0,4.49
1928,103,0,35.12
1928,163,0,7.32
1929,115,1,23.62
1929,134,1,25.5
1929,170,0,8.28
1929,64,1,36.11
1929,26,0,36.5
1930,64,0,29.39
1930,37,0,29.37
1930,19,0,24.89
1930,108,0,32.95
1930,141,0,27.41
1931,50,0,18.19
1931,96,0,19.49
1931,186,0,1.05
1931,78,1,14.03
1931,143,0,22.14
1932,23,1,29.66
1932,142,1,32.18
1932,199,1,8.59
1932,138,0,23.72
1932,79,1,28.56
1933,168,0,6.55
1933,106,1,45.05
1933,88,0,34.55
1933,133,1,42.57
1933,129,1,35.21
1934,153,0,29.13
1934,61,0,21.11
1934,194,1,7.36
1934,118,0,29.95
1934,92,0,33.53
1935,155,1,35.22
1935,181,0,1.63
1935,45,0,39.2
1935,6,0,35.35
1935,57,0,26.43
1936,121,1,23.04
1936,173,0,7.16
1936,164,0,4.92
1936,44,1,22.23
1936,54,0,30.43
1937,98,0,30.12
1937,39,1,25.56
1937,71,1,29.53
1937,184,1,1.95
1937,122,1,33.23
1938,187,1,1.88
1938,129,0,23.75
1938,46,1,33.45
1938,116,1,26.95
1938,17,1,34.51
1939,100,0,37.3
1939,144,1,37.2
1939,108,0,29.18
1939,59,0,37.83
1939,117,0,29.42
1940,128,0,28.35
1940,16,0,13.21
1940,161,0,6.33
1940,70,1,16.88
1940,117,0,26.13
1941,114,1,14.61
1941,104,0,20.35
1941,38,0,12.49
1941,139,0,19.03
1941,102,1,17.62
1942,69,1,24.53
1942,157,1,37.39
1942,180,0,1.69
1942,16,1,22.62
1942,183,0,1.96
1943,158,1,38.47
1943,76,0,28.71
1943,166,0,5.37
1943,143,0,36.44
1943,138,0,39.59
1944,8,0,26.51
1944,95,0,24.44
1944,41,1,36.39
1944,179,1,1.03
1944,178,0,1.26
1945,139,0,28.99
1945,143,0,33.58
1945,70,0,25.61
1945,152,0,31.21
1945,64,0,36.93
1946,10,1,24.58
1946,113,0,28.86
1946,56,0,25.25
1946,129,0,23.55
1946,126,0,27.82
1947,103,1,30.21
1947,191,1,6.93
1947,73,1,22.65
1947,74,1,20.29
1947,169,0,6.64
1948,191,0,8.46
1948,103,1,16.73
1948,22,0,22.12
1948,73,0,24.7
1948,130,0,36.66
1949,103,0,50.36
1949,89,0,37.99
1949,1,0,44.15
1949,21,1,40.57
1949,88,0,55.01
1950,194,0,17.03
1950,125,1,28.9
1950,93,0,23.46
1950,169,0,5.19
1950,183,1,1.88
1951,140,0,23.28
1951,153,1,26.21
1951,129,1,23.04
1951,88,1,20.11
1951,138,1,28.45
1952,80,0,30.91
1952,89,0,21.07
1952,27,1,14.07
1952,36,0,22.34
1952,150,1,27.26
1953,21,1,32.31
1953,138,0,39.68
1953,36,1,32.14
1953,48,1,24.13
1953,25,0,38.78
1954,60,1,30.51
1954,127,1,32.85
1954,53,1,30.25
1954,110,0,26.77
1954,104,1,35.01
1955,195,0,16.53
1955,128,1,36.92
1955,99,0,33.51
1955,175,1,1.78
1955,198,0,9.03
1956,197,0,11.77
1956,147,1,25.45
1956,133,1,20.36
1956,114,1,24.45
1956,175,1,2.36
1957,122,1,31.88
1957,171,0,8.83
1957,84,1,38.48
1957,103,1,31.87
1957,34,1,29.98
1958,191,1,13.45
1958,110,1,33.31
1958,180,1,1.77
1958,18,1,31.09
1958,124,1,25.42
1959,120,0,31.71
1959,146,1,26.56
1959,98,0,31.75
1959,18,0,35.67
1959,198,1,13.84
1960,98,0,21.42
1960,165,0,6.46
1960,70,0,26.48
1960,172,0,3.41
1960,113,1,24.76
1961,169,0,5.46
1961,131,1,27.31
1961,103,1,27.91
1961,68,1,22.97
1961,93,1,32.15
1962,124,1,32.49
1962,6,0,40.36
1962,86,0,40.83
1962,153,0,34.1
1962,179,0,2.34
1963,87,1,28.84
1963,106,1,23.49
1963,193,1,11.23
1963,110,1,25.48
1963,167,0,4.16
1964,89,1,24.69
1964,94,1,20.32
1964,127,1,13.36
1964,128,1,18.15
1964,162,0,5.38
1965,37,1,49.98
1965,6,0,35.55
1965,161,0,6.8
1965,177,1,0.71
1965,151,1,49.89
1966,17,0,22.99
1966,119,0,44.33
1966,63,0,33.78
1966,16,0,30.93
1966,166,0,6.07
1967,33,0,27.71
1967,0,0,25.92
1967,104,1,51.41
1967,124,0,30.12
1967,73,0,33.66
1968,123,0,43.92
1968,65,0,35.31
1968,31,1,35.83
1968,8,1,24.92
1968,10,1,42.56
1969,4,1,40.84
1969,77,0,24.44
1969,181,0,1.74
1969,72,1,30.34
1969,105,0,35.85
1970,122,0,35.23
1970,165,0,4.58
1970,195,1,11.5
1970,11,1,26.01
1970,83,1,26.21
1971,124,0,15.41
1971,139,1,23.21
1971,179,0,0.81
1971,105,1,19.37
1971,94,1,15.82
1972,181,1,1.12
1972,140,0,38.61
1972,67,1,40.67
1972,81,0,35.8
1972,21,1,39.93
1973,159,0,18.4
1973,50,1,20.61
1973,59,0,19.15
1973,94,0,22.05
1973,123,1,24.15
1974,132,0,19.95
1974,176,1,1.35
1974,170,0,4.71
1974,58,0,19.96
1974,105,1,28.32
1975,126,0,35.29
1975,33,0,32.51
1975,89,0,32.53
1975,26,0,40.36
1975,45,1,40.35
1976,57,1,30.35
1976,37,1,30.08
1976,194,1,7.79
1976,107,1,15.23
1976,125,1,22.0
1977,71,0,30.05
1977,28,1,27.3
1977,26,0,22.17
1977,69,0,28.33
1977,150,1,17.79
1978,34,0,35.75
1978,42,1,36.75
1978,106,1,44.92
1978,178,1,1.49
1978,100,1,29.81
1979,2,0,25.01
1979,136,1,15.18
1979,16,0,12.5
1979,94,0,23.29
1979,9,1,21.41
1980,148,1,41.9
1980,92,1,39.57
1980,156,1,39.82
1980,144,1,37.87
1980,106,1,37.22
1981,16,1,17.78
1981,63,1,31.18
1981,106,1,22.15
1981,196,1,10.94
1981,124,1,27.18
1982,73,0,27.05
1982,48,0,27.3
1982,159,0,35.31
1982,95,0,20.21
1982,194,1,13.73
1983,164,0,8.31
1983,197,0,17.01
1983,77,0,28.53
1983,175,1,1.54
1983,89,1,24.66
1984,87,0,32.52
1984,27,1,24.98
1984,194,1,7.91
1984,71,1,28.26
1984,116,1,26.24
1985,199,1,11.06
1985,194,1,12.2
1985,118,1,31.07
1985,52,1,26.53
1985,65,1,22.55
1986,35,0,20.72
1986,57,1,25.26
1986,3,1,28.55
1986,135,0,16.88
1986,82,0,20.39
1987,122,1,27.74
1987,130,0,25.27
1987,198,1,9.16
1987,95,0,28.29
1987,153,1,29.59
1988,52,0,21.71
1988,100,0,34.15
1988,148,0,28.04
1988,62,1,28.96
1988,27,0,22.11
1989,16,1,26.26
1989,76,1,39.52
1989,109,1,32.64
1989,135,0,24.13
1989,114,1,29.04
1990,94,0,22.79
1990,120,0,23.32
1990,109,1,32.02
1990,125,1,24.43
1990,139,1,26.2
1991,174,0,7.93
1991,189,1,1.83
1991,31,0,28.11
1991,62,1,28.88
1991,26,0,28.02
1992,84,0,29.86
1992,157,1,27.86
1992,179,1,0.72
1992,102,0,21.45
1992,176,0,1.9
1993,197,0,7.1
1993,176,1,2.42
1993,123,1,26.47
1993,140,1,23.64
1993,195,0,16.5
1994,7,1,23.16
1994,2,1,32.01
1994,118,0,25.91
1994,86,1,34.16
1994,4,1,22.8
1995,135,0,26.71
1995,29,0,26.37
1995,195,0,14.2
1995,176,0,2.06
1995,55,1,23.12
1996,34,1,30.25
1996,50,0,28.49
1996,199,0,9.3
1996,26,0,41.8
1996,78,0,30.74
1997,68,0,12.53
1997,35,1,28.98
1997,146,1,23.58
1997,114,1,28.5
1997,120,1,25.21
1998,177,0,0.71
1998,194,0,13.5
1998,112,0,19.0
1998,65,0,19.16
1998,159,0,9.37
1999,2,0,15.28
1999,173,0,9.05
1999,177,1,1.9
1999,178,0,0.96
1999,116,1,18.57
