task_id,true_label,difficulty,is_gold,ds_label,ds_confidence,mv_label
0,0,0.1565907012993447,False,1,0.6709603130591517,0
1,1,0.2000850805337467,False,1,0.998257378626591,1
2,1,0.1452729496478463,False,1,0.9904410556575165,1
3,0,0.5260194693861856,False,1,0.9904021859896283,1
4,0,0.3127927950515916,False,0,0.8832991163581246,0
5,1,0.2590280787252034,False,1,0.7796131794122209,1
6,0,0.11447519560048,True,0,0.8303630668737765,0
7,1,0.4226852000288448,False,0,0.5785019565799785,0
8,0,0.2148122127258987,False,0,0.9986528696695793,0
9,0,0.1261473681274934,False,0,0.9991565500970813,0
10,1,0.3547341289523868,False,1,0.9603523500829297,1
11,1,0.2054665722085638,False,1,0.9910451562975395,1
12,1,0.1008601944747281,False,1,0.9996134587414779,1
13,1,0.1789345305137154,False,1,0.9540709542928248,1
14,1,0.2560224729675289,False,1,0.9977115662797914,1
15,1,0.2070603846269905,False,0,0.8241229765112528,1
16,1,0.4000870480526899,True,1,0.9520900826263866,1
17,0,0.3373980984590867,False,0,0.7918822600555484,0
18,1,0.1425369345717864,False,1,0.9917326605519,1
19,0,0.4004702740805936,False,0,0.997537355466828,0
20,1,0.1167759013751626,False,1,0.7562659065014667,1
21,0,0.3514774083421891,False,0,0.9592576809240932,0
22,0,0.4562413303449725,False,0,0.9637310986557095,0
23,1,0.2837294550041894,False,1,0.6525727584810109,1
24,1,0.364388037599209,False,1,0.9863001273481669,1
25,1,0.2175116657864724,False,1,0.9999976801614805,1
26,0,0.3719270127403348,True,0,0.9552387322267408,0
27,1,0.0616814623262049,False,1,0.8815811424846313,1
28,1,0.4967387577998589,False,0,0.7955871398548876,0
29,0,0.3128562958133585,False,0,0.9422503131445806,0
30,0,0.0813597133228443,False,0,0.999911900243106,0
31,0,0.2487313743354335,False,0,0.9211813455946092,0
32,0,0.3953163061560123,False,1,0.847984213066698,1
33,1,0.3853752110628192,False,0,0.7026891947804523,0
34,1,0.2768969954544993,False,0,0.7907025901295816,0
35,0,0.1106419302366114,False,0,0.9894880015262711,0
36,1,0.2433528448262852,False,1,0.9981084924549355,0
37,1,0.3106734453102335,False,0,0.8242548514193226,0
38,0,0.1283946302578954,False,0,0.903518039797726,0
39,1,0.2515521246303597,False,0,0.9996288863725982,0
40,0,0.5165550927998779,False,1,0.9787166003467931,1
41,1,0.1393815683734149,False,1,0.998961465588298,1
42,1,0.453822235476795,False,1,0.9988851814106486,1
43,0,0.5750447851224506,False,1,0.7639886635689244,1
44,0,0.1435007917845899,True,0,0.9878232968166587,0
45,1,0.1436067644778679,False,1,0.9806393018884983,1
46,0,0.4770704943316458,False,0,0.9996849254454455,0
47,1,0.1737119924601446,False,1,0.9879809841556845,1
48,1,0.0976251201850485,False,1,0.9978442999682483,1
49,1,0.1109609187919721,False,1,0.9428112234137701,0
50,1,0.5718941974825725,False,1,0.9895204232530252,1
51,0,0.0715025584814393,False,0,0.9994757419089847,0
52,0,0.0631677309955434,False,0,0.981698243580572,0
53,0,0.2508360425634146,False,0,0.9968355708712054,0
54,0,0.5351052237499807,False,1,0.800050305223347,0
55,0,0.3333239164960762,False,1,0.8407693191837964,0
56,1,0.3397236734470744,False,1,0.9989077431688653,0
57,0,0.6597044487461476,False,1,0.9797302106835168,1
58,1,0.1476476576775542,False,1,0.9592498758338391,1
59,1,0.314223549012149,False,1,0.9846918656511435,1
60,1,0.1259729118756611,False,0,0.6584199577803066,0
61,1,0.252626757781322,False,1,0.8831368569219168,0
62,0,0.255471580301773,False,0,0.9517183202290379,0
63,1,0.3336510540522455,False,1,0.973635765560319,1
64,0,0.329431890924473,False,0,0.9982990908520689,0
65,0,0.1462237564571175,False,0,0.9598671600233049,0
66,1,0.1094436160332945,False,1,0.9999879818871912,1
67,0,0.1224337461687437,False,1,0.8264514568617213,1
68,0,0.6188745764348573,False,0,0.6073984925903537,0
69,0,0.1819356352666903,False,0,0.9980432268952111,0
70,1,0.1100591906047966,False,1,0.991914348252517,1
71,0,0.4564085427940005,False,0,0.946948016831781,0
72,0,0.1761113052109823,False,1,0.7430405321591914,0
73,0,0.1864417540562044,False,0,0.9618043761695048,0
74,1,0.2068990696246977,False,1,0.9941110000871263,1
75,0,0.3059599060879528,False,0,0.8549675274134301,0
76,0,0.4393342323265035,False,0,0.9959110551053024,0
77,0,0.1569669469823317,True,0,0.9974778174297932,0
78,1,0.5050397022085158,False,1,0.9999915441678435,1
79,1,0.3583059451620932,True,1,0.9926476731680117,1
80,1,0.1967363367398091,False,1,0.9999859086146251,1
81,0,0.4512389687240005,False,1,0.8810032945043589,0
82,0,0.471458318517816,False,0,0.6251018090850156,0
83,1,0.3261853580478449,False,1,0.9762532295193923,0
84,1,0.7214215325008806,False,1,0.9999995909437677,1
85,1,0.4912091300453067,False,1,0.9181633481166276,1
86,0,0.3441697670462892,False,0,0.8925831887915258,0
87,0,0.4913346709759323,False,0,0.8515876752510554,0
88,1,0.5114779676323983,False,0,0.9384404162685768,0
89,1,0.047550755873553,False,1,0.7672041999935385,1
90,0,0.0502585939744893,False,0,0.9920088876354621,0
91,1,0.1064771256858914,False,1,0.9936373674273257,1
92,1,0.4642340361126317,False,1,0.532432898244847,1
93,0,0.1991288817750276,False,0,0.9766622099680852,0
94,1,0.0845016829026074,False,1,0.9738279391286012,1
95,0,0.1669492250597668,False,0,0.9239304180642006,0
96,0,0.313913314822675,False,0,0.7831874627955704,0
97,1,0.3907372404257884,False,1,0.9999193599992316,1
98,1,0.1638543895012978,False,1,0.9945363688600424,1
99,0,0.3551753246347909,False,0,0.981301294133544,0
100,1,0.3637720979383461,False,1,0.9998392243979258,1
101,0,0.6001741981966855,False,0,0.9816707709600679,0
102,1,0.3013840928955246,False,1,0.872892616496069,0
103,0,0.844224763603197,False,0,0.6116457787035058,0
104,1,0.2309006825394548,False,1,0.7051615541569187,0
105,1,0.1735937578697905,False,1,0.9961529883264796,1
106,1,0.4336754522596096,True,1,0.8279741316182906,1
107,1,0.5582146084266786,False,1,0.9814570909295338,1
108,0,0.0967822291485682,False,0,0.9965314545504278,0
109,1,0.14901276044395,False,1,0.7906244471137132,0
110,0,0.3118149251954397,False,0,0.7602625956215019,0
111,1,0.4504520677903151,False,1,0.9515414470339791,1
112,1,0.099410913726972,False,1,0.9636105908067178,1
113,0,0.2871116810911284,False,0,0.7844364949129404,0
114,1,0.5869732563053821,False,1,0.9569746177454732,1
115,1,0.3282375174708196,False,1,0.9857618136240334,1
116,0,0.2729112002234095,False,1,0.9079543676303548,1
117,0,0.6751988944487091,False,1,0.9570579142530723,1
118,0,0.3942381008617035,False,1,0.9237369345210479,1
119,0,0.4468737485079642,False,0,0.947438033938741,0
120,0,0.5620829957429613,False,0,0.9879353845234256,0
121,1,0.384664516944324,False,1,0.9842230442817738,1
122,1,0.2384618526804491,False,1,0.6384309165256777,1
123,0,0.3991122287873408,False,0,0.5871392258057107,0
124,1,0.3292217843945704,False,1,0.9907610157617117,1
125,1,0.202274917924477,False,1,0.9872849073723691,1
126,0,0.7354013949979206,False,0,0.8505547325290722,0
127,1,0.4026615029632686,False,1,0.9790432812047609,0
128,1,0.4539307136327012,False,1,0.9999955900243294,1
129,1,0.4051437627781962,False,1,0.9682167810368637,1
130,1,0.0813259176561664,False,1,0.7720671036928252,0
131,1,0.3763773733725502,False,1,0.9495828059018759,0
132,0,0.1899769793975343,False,0,0.9998015820022434,0
133,1,0.1397509286652967,True,1,0.9885328903860953,1
134,1,0.267662567541786,False,1,0.9555114102745902,1
135,0,0.2452950040411591,False,0,0.9651019434735403,0
136,1,0.6160752426083786,False,0,0.9229422882308878,0
137,0,0.1940227560154299,False,0,0.9994655974762527,0
138,0,0.1623062385757122,False,0,0.9931075289774973,0
139,0,0.1919270236106996,False,0,0.974467749035452,0
140,1,0.4490111999182812,False,1,0.9968342722826691,1
141,0,0.0748611923055077,False,0,0.7354456652847775,0
142,0,0.4032848520028975,False,0,0.90871676622001,0
143,0,0.3053809986534025,True,0,0.9664154192601935,0
144,1,0.4055616647572093,False,1,0.854243397639765,1
145,1,0.2648311315589555,False,1,0.9973739200661355,1
146,0,0.3973869480941681,False,1,0.9999844228342298,0
147,0,0.4160779366779242,False,0,0.7625124526843735,0
148,1,0.16236087927707,False,1,0.9709420372410277,1
149,0,0.0753092265366274,False,0,0.9985780505991916,0
150,1,0.4037898395838997,False,1,0.946253087602628,0
151,0,0.382529240324135,True,1,0.8244350556316187,1
152,1,0.3087315985518217,False,1,0.9999934903966816,1
153,0,0.0446341242148974,False,0,0.9923938309908266,0
154,0,0.3387252479867434,False,0,0.9159192739060458,0
155,1,0.1349050577987114,False,1,0.7735406258869612,1
156,0,0.4230520195954242,False,1,0.9947980260407502,1
157,1,0.618463704142107,False,1,0.9997610699322169,1
158,1,0.4459911149614073,False,1,0.9995187335549847,1
159,1,0.2273157820556639,False,1,0.7664685152870903,0
160,1,0.2303947880125257,False,1,0.9994863549433328,0
161,1,0.0760478252704253,False,0,0.692764353274505,1
162,0,0.1833471689187009,False,0,0.9859018935998553,0
163,0,0.2852104977017609,False,0,0.9998172365636283,0
164,0,0.5295959343005476,False,1,0.9559639828766361,1
165,1,0.1813778643799425,False,0,0.9012897339851534,0
166,0,0.4351450571873528,False,0,0.9218089744046957,0
167,0,0.3912728925667069,False,0,0.8201694825761254,0
168,0,0.0806454537638025,False,0,0.9297410697063133,0
169,0,0.2835106699937568,False,1,0.9971318041080718,1
170,0,0.3707360991713588,False,1,0.9316869162851514,1
171,0,0.2549989436657883,False,0,0.9948784968896497,0
172,1,0.6127101255869059,False,1,0.9907686623745143,0
173,1,0.4189879742005328,False,1,0.8671511423704872,1
174,1,0.3149309058100283,False,1,0.9945052124088203,1
175,0,0.3058546372812606,False,0,0.6686340903273882,0
176,1,0.5021990128576236,False,1,0.8353021488415456,0
177,0,0.0961982107209769,False,1,0.5091005059337661,0
178,1,0.2123421166006864,False,1,0.989841199243071,1
179,1,0.292595959566966,False,1,0.8472037844328669,1
180,1,0.2899867933192998,False,1,0.8761051653016242,0
181,0,0.1592047828766111,False,0,0.9859161380963425,0
182,0,0.3456242317666114,False,0,0.9759177402820332,0
183,1,0.0104164229278633,False,1,0.9992153321168628,1
184,0,0.3190885930488483,False,1,0.9717466226032785,1
185,0,0.0257307563618038,False,0,0.7697453885593956,0
186,0,0.3367161756901021,False,0,0.9516871835490023,0
187,0,0.1718149227134357,False,0,0.9999952068393032,0
188,0,0.5336808850587027,False,0,0.9999514540393528,0
189,0,0.1842565736950334,False,0,0.9955061764781427,0
190,1,0.4259059824210775,False,0,0.9709150545450358,0
191,1,0.42444646584603,True,0,0.935809641977634,0
192,1,0.1735514262132054,False,1,0.8373513016798512,1
193,0,0.1314284602829853,False,0,0.9968494003325326,0
194,1,0.2344961307370543,False,1,0.9692190707773792,1
195,0,0.2178861664450674,False,1,0.7778808947480483,1
196,0,0.1856723546791185,False,0,0.8397392696647861,0
197,0,0.3561516774789333,False,0,0.8916817212225511,0
198,0,0.128042355975869,False,0,0.8373385089331491,0
199,1,0.1794925897241951,False,1,0.9998639464116659,1
200,0,0.2118371921696305,False,0,0.9999411431347894,0
201,1,0.4827529779094158,False,0,0.9679240334433377,0
202,0,0.1852574197981986,False,0,0.9999829775303687,0
203,1,0.3863054206547382,False,0,0.807248159612852,1
204,0,0.6532622726054159,False,0,0.82145084642464,0
205,0,0.4188787899986881,False,0,0.9950608376408012,0
206,1,0.2464855888875706,False,1,0.9985710677879285,1
207,1,0.2820845249990463,False,1,0.9727095836764872,1
208,0,0.3753789247272935,False,0,0.8410383995937907,0
209,1,0.5148994856871765,False,0,0.815318346725033,0
210,0,0.3072082556233288,False,1,0.9909546330393642,1
211,1,0.435585423759029,False,1,0.9996083339626154,0
212,1,0.3163563365922986,False,1,0.999949902080464,1
213,0,0.2323559227629731,False,1,0.642717133654154,1
214,1,0.2249888929676213,False,1,0.9933237942746189,1
215,0,0.3175706666487919,False,0,0.9991866778795372,0
216,0,0.3125753146692386,False,0,0.9982310187444619,0
217,0,0.4420280595473321,False,0,0.5430634193067937,0
218,0,0.0628616485262258,False,0,0.9984881961138954,0
219,1,0.3403267410571298,False,1,0.9945472996016018,1
220,0,0.44748901544658,False,1,0.701573082962573,0
221,0,0.602184204209956,False,0,0.6765041712243818,0
222,1,0.0790401837593192,False,1,0.956830237466748,0
223,0,0.229886525779756,True,0,0.9361573336475788,0
224,1,0.3588298347849309,False,1,0.9489936279986539,1
225,0,0.2420630629734408,False,1,0.9423104701265256,1
226,1,0.7284654442925066,False,1,0.9846899233867132,1
227,1,0.4655665325903658,False,1,0.9982556229228974,1
228,1,0.28478903477069,False,1,0.8698168925993388,1
229,0,0.4378950086008406,False,0,0.7882540762201076,0
230,0,0.0396218234216033,False,0,0.8745074193988045,0
231,1,0.4617660759974182,False,1,0.9942117655474549,0
232,0,0.4412246169516684,False,0,0.9850036179600402,0
233,1,0.1028464400081517,False,1,0.9976614043993187,1
234,0,0.2814775905524085,False,0,0.999944240049859,0
235,1,0.6093211651015297,False,1,0.9974117462682256,1
236,1,0.3087784503526332,False,1,0.9999233939554671,1
237,0,0.1650174548583944,False,0,0.999976393426215,0
238,0,0.4213823580591596,False,0,0.9995944779075201,0
239,1,0.3039352467660884,False,1,0.9968356145100181,1
240,0,0.1539991504242122,False,0,0.7786404285802513,0
241,1,0.5679142687107716,False,1,0.9877390126025981,1
242,0,0.0790425619554905,False,0,0.9948061965118127,0
243,1,0.5270730437649594,False,0,0.5651461401069227,0
244,1,0.2557410897487061,False,1,0.9998672985473435,1
245,0,0.1346112251344163,False,0,0.9999889348596451,0
246,1,0.1883778054105495,False,1,0.9999753315436924,1
247,0,0.3465364961426181,False,1,0.9411053290841315,0
248,1,0.4199256590925644,False,1,0.9968024681585669,1
249,0,0.4313149019111292,False,1,0.7472475117343226,1
250,0,0.2527576147594265,False,1,0.7957292074574847,1
251,0,0.201082516252222,False,0,0.5303742684864424,0
252,0,0.2921413698461744,False,1,0.9710888643534061,0
253,0,0.07109767229613,False,0,0.9043017617681356,0
254,1,0.3685867814688328,False,1,0.9903074433348714,1
255,0,0.1209908251935828,False,1,0.6766861133820352,1
256,1,0.1531681603246708,False,1,0.9493165371379598,0
257,0,0.5739882309212252,False,0,0.9992765000570848,0
258,0,0.2129269703796663,False,0,0.9987586367136472,0
259,1,0.2478006931214011,False,0,0.6179204484032258,1
260,1,0.1414541962903822,False,1,0.8667962028487444,1
261,0,0.1568966308814787,False,0,0.9999769208355622,0
262,0,0.284156039275438,False,0,0.9806084210992666,0
263,1,0.2337466516940128,True,1,0.9327515308965055,1
264,1,0.1574875965611777,False,1,0.9947036705105275,1
265,1,0.3831832270082882,False,1,0.7641696739263747,0
266,0,0.4547453584216133,False,1,0.730312044078277,1
267,0,0.1050999578305714,False,0,0.8640977328955877,0
268,1,0.1933340352360875,False,1,0.6451884007263106,1
269,1,0.6464391918659206,False,1,0.9998720127890274,1
270,0,0.2413826486094068,False,0,0.7113277193768376,0
271,0,0.071976750396912,False,0,0.9675481292903944,0
272,0,0.1550777487948658,False,1,0.5539123238492388,0
273,1,0.3818614852670722,False,1,0.9119902796688937,1
274,0,0.0391767550089084,True,0,0.9760384388253684,0
275,0,0.5391721429161238,False,0,0.9997853098435672,0
276,0,0.4646690558341591,False,0,0.8706669756276598,0
277,1,0.429871289813568,False,0,0.813288979750223,0
278,0,0.16102921282616,False,0,0.7762793239166921,0
279,0,0.2743541444761143,False,0,0.9914902074274826,0
280,0,0.3687244253812715,False,0,0.9994463803000073,0
281,0,0.1811714746856997,False,0,0.9929505457697116,0
282,1,0.572211645192924,False,1,0.9998751052771994,1
283,0,0.2430281400308927,False,0,0.7616466224396583,0
284,0,0.3314721413924742,False,1,0.8959575156908848,1
285,1,0.2471195965286547,False,1,0.932999061124554,1
286,0,0.1519133145359118,False,0,0.9580424263692099,0
287,1,0.5333753303924843,False,0,0.9552179308047015,0
288,1,0.315540561271633,False,1,0.9999733451213974,1
289,0,0.1375655738146824,False,0,0.9657590780001198,0
290,1,0.3212966577211021,False,1,0.9027721707353142,1
291,0,0.7134221923384635,False,0,0.9995320718755449,0
292,1,0.1554111870587404,False,1,0.6138653005151162,0
293,0,0.3409252757971614,False,1,0.6968347551923185,0
294,1,0.2668159502489741,False,1,0.7756501195363553,0
295,1,0.4269491153668511,False,1,0.9014469610706748,1
296,1,0.3945036086424022,False,1,0.9658246143168643,1
297,0,0.2240940708554771,False,0,0.9921636635584934,0
298,0,0.1942826192394252,False,0,0.9746199936044068,0
299,0,0.2798297266239173,False,1,0.9309748607707511,0
300,0,0.7853462862804328,False,1,0.8412247882821764,0
301,1,0.0593613410149442,False,1,0.9995594572722677,1
302,0,0.4766127332858151,False,0,0.9903939676157558,0
303,1,0.1188060516018097,False,1,0.9346830506481796,1
304,1,0.2551455163070081,False,1,0.7686825504112551,1
305,0,0.1792534725601351,False,0,0.5251808840925667,0
306,0,0.4819461004169659,False,0,0.9395292148377062,0
307,1,0.2818111200281055,False,0,0.9973763822365547,0
308,0,0.5657100722236503,False,0,0.9888238446008422,0
309,0,0.3308809491464839,False,0,0.6111102480305942,0
310,1,0.269291304240459,False,1,0.9737893723112601,1
311,1,0.1090369769443833,False,1,0.998195898922039,1
312,0,0.5240617148275594,False,1,0.6984363966368227,0
313,0,0.1442930790599513,False,0,0.9852931036648107,0
314,0,0.352020051677789,False,1,0.9252082238289113,1
315,1,0.6280390956551719,False,1,0.9998675967689231,1
316,1,0.5421558478184566,False,1,0.9577711803710247,1
317,1,0.3659988237452141,False,1,0.9420128127625585,1
318,1,0.2706045883151198,False,1,0.924490027103855,1
319,1,0.2232009411257809,False,1,0.9512750457496905,1
320,0,0.0189423698572614,False,0,0.9788550088029566,0
321,0,0.2788913836385008,False,0,0.8485431193714611,0
322,1,0.2685207561832771,False,1,0.9996639179117551,1
323,1,0.431943731716513,False,1,0.9946491961089065,1
324,1,0.1182235807424695,True,0,0.6441126274736455,0
325,0,0.38183797644668,False,1,0.6372503498911168,1
326,0,0.2785457618839845,False,0,0.9953375584047576,0
327,0,0.2291930313814119,False,0,0.7721289639401772,0
328,0,0.223813470578728,False,0,0.9993968902054391,0
329,1,0.2288315264580268,False,0,0.5882671416706128,0
330,1,0.1764928741867908,False,1,0.9998465788147243,1
331,0,0.3713084087408162,False,0,0.8244051447753605,0
332,0,0.4150781950685917,False,0,0.9766399206901398,1
333,1,0.104298668282723,False,0,0.8332865985106354,0
334,0,0.2301722335539742,False,0,0.9928765262289151,0
335,1,0.0667089855908368,False,0,0.8953472842880082,0
336,1,0.3890133264267605,False,1,0.8731465445265304,1
337,0,0.3549118059300126,False,1,0.9362360160458024,0
338,0,0.5343345153144067,False,1,0.9306798747814393,1
339,1,0.7474381943727753,False,0,0.6887943945709952,0
340,1,0.4070910826239527,False,1,0.9977672663577024,1
341,0,0.4173160771705693,False,0,0.9987139872310354,0
342,1,0.388716208634245,False,1,0.9999920120441196,1
343,1,0.1932821505089188,False,1,0.5139811865154392,1
344,1,0.5396547124540493,False,0,0.9741483539604129,0
345,0,0.500373726534079,False,1,0.9449001731588196,1
346,1,0.2230991296974255,False,1,0.9997345016691467,1
347,1,0.2786811649231129,False,1,0.999389238155119,1
348,0,0.335819437526165,False,1,0.9997440734148392,1
349,0,0.3917732737893417,False,0,0.9994740794464809,0
350,1,0.5779452990528532,False,0,0.5844655290442076,0
351,0,0.6932383784757228,False,0,0.9496588863964939,0
352,0,0.0939178380955119,False,0,0.8972352365980303,0
353,0,0.2536988128350337,False,0,0.999641729020884,0
354,1,0.178854487691006,False,1,0.9657183837159569,1
355,1,0.127808659501278,False,1,0.7885101273190317,0
356,0,0.0315345705728028,False,0,0.9622995044420526,0
357,1,0.0376334803091672,True,0,0.547115686106566,0
358,0,0.1253170221140618,False,0,0.8943556319329655,0
359,1,0.0256330463138452,False,1,0.6800853742333455,0
360,1,0.1422290963928818,False,1,0.9976339370878299,1
361,1,0.4404046478487442,False,0,0.7577938900506329,0
362,0,0.1381952497824388,False,0,0.9837462050403337,0
363,1,0.0881247379306332,False,1,0.9950288666179625,1
364,0,0.3802453307196963,False,0,0.9623493559626751,1
365,1,0.431790301686878,False,1,0.8572913539199242,0
366,0,0.4433027635697698,False,0,0.5205804107604988,0
367,0,0.3915154032973594,False,0,0.9642755677344409,0
368,0,0.6593383929769089,False,0,0.8643140998490358,0
369,1,0.1055424070998757,False,1,0.9399740045215368,1
370,0,0.194801603694732,False,0,0.9998636187097101,0
371,1,0.4170536745549864,False,1,0.9998718822563402,1
372,0,0.4174422029611282,False,0,0.890607451390706,0
373,0,0.0267597592808699,False,0,0.9979962853863441,0
374,1,0.5062932257695176,False,1,0.9996676531572829,1
375,0,0.2391203733910327,False,0,0.9980541320665403,0
376,1,0.4449407982519868,False,1,0.9449841636426287,1
377,1,0.3118214623915619,False,1,0.8552900327750661,0
378,0,0.4431909208371309,False,0,0.992564366406111,0
379,0,0.1501977572593815,False,0,0.8539790355936101,0
380,0,0.2990548508526908,False,0,0.997216342384211,0
381,1,0.3946739349788981,False,1,0.5560496517518903,1
382,1,0.1632314515046649,False,0,0.9697548647812365,0
383,0,0.2808296677502142,False,1,0.9517080411591201,1
384,0,0.3713643305584488,False,0,0.8615159331379477,0
385,0,0.1225191960315195,False,0,0.9766773838044086,0
386,0,0.1754211034524642,False,0,0.9902496332877861,0
387,1,0.4105132626777473,False,0,0.8325491331237685,0
388,1,0.3239073862555364,False,1,0.9884532907147922,1
389,0,0.0503865533426865,False,0,0.7088570728783519,0
390,1,0.2547630922197357,False,0,0.6265559549452222,1
391,0,0.0956047950085521,False,0,0.9999889487848372,0
392,0,0.3509244170593337,False,1,0.6686724870110341,1
393,1,0.0404194741382587,False,1,0.9989737869503774,1
394,1,0.2569501648623667,False,1,0.8881828157155011,1
395,1,0.1562327375840434,False,1,0.7709662389333236,0
396,0,0.1128392697141874,False,0,0.9994279586428793,0
397,0,0.2750886898652921,False,0,0.999585034578681,0
398,0,0.2567983999987067,False,0,0.98417855148815,0
399,0,0.0784015372980981,False,0,0.9900358395239104,0
400,1,0.3743365280555557,False,1,0.9999988450722876,1
401,1,0.2819756102955817,False,1,0.9618334698916481,1
402,0,0.1909504402153515,False,0,0.9999682026728122,0
403,1,0.471179422146753,False,0,0.8902282098435527,1
404,0,0.2207936629413135,False,0,0.9621554773426506,0
405,1,0.4524518590056982,False,1,0.7859359422449836,0
406,0,0.1508308305852414,False,0,0.9671310689128729,0
407,0,0.0658863024706664,False,0,0.7163485953556747,0
408,1,0.2654317272928607,False,1,0.6946794325251473,0
409,0,0.2559894593565681,False,0,0.9926966000312618,0
410,0,0.1534157812427064,False,0,0.57230070927169,0
411,0,0.1462756314055391,False,1,0.5333829032615279,0
412,0,0.361835000098504,False,0,0.9963963522287504,0
413,0,0.1768201729775143,False,0,0.947422883012771,0
414,0,0.2857347411462401,False,1,0.871987058264138,1
415,1,0.3499528938002134,False,1,0.9716628623536724,1
416,1,0.2879054378265683,False,1,0.9900263102358446,1
417,0,0.8104671463120968,False,1,0.8031500261293816,0
418,0,0.1875888145551309,True,0,0.9676444640988867,0
419,1,0.1114765836958381,False,1,0.5507448185213148,0
420,1,0.2930615016583585,False,1,0.6274006044459574,0
421,1,0.3077511152898021,False,1,0.9295039831674917,0
422,1,0.1009648821259119,False,1,0.9606032206861781,0
423,1,0.3015096926687941,False,1,0.9992917189381945,1
424,0,0.296807236839561,False,1,0.9007047843205652,1
425,0,0.2955478546860294,False,0,0.9995743910979756,0
426,1,0.308078396855742,False,1,0.9711697068077708,1
427,1,0.0725900749687804,False,1,0.8929735891852083,1
428,0,0.1494004684294165,False,0,0.971035859632794,0
429,1,0.3797259811464071,False,1,0.7672536611071388,1
430,0,0.0724796982066711,False,0,0.9351253765859516,0
431,1,0.6407016515794574,False,0,0.6316234902531308,1
432,1,0.1932288633164493,False,1,0.9047282855844447,1
433,0,0.1084327600650577,False,0,0.9509540487760461,0
434,0,0.4118075390509493,False,0,0.9999997573018725,0
435,0,0.4380154083680287,False,0,0.9995881807456146,0
436,1,0.2223668302580205,False,1,0.9045400866104177,1
437,1,0.1761682262023239,True,1,0.9999859660795943,1
438,0,0.2282016838285522,False,0,0.9653178240798731,0
439,0,0.1416963219143243,False,0,0.9263847165749622,0
440,1,0.5975430297910329,False,0,0.8091379580108246,0
441,0,0.4955482670154629,False,0,0.8563174715277905,1
442,0,0.4229344576652335,False,0,0.9921828479276963,0
443,0,0.4183018354850745,False,1,0.9831138837007414,0
444,1,0.2383193721724035,False,0,0.9914234843621245,0
445,1,0.0458004965123595,False,1,0.8908395550625251,1
446,0,0.0878527175613465,False,0,0.9991612751872749,0
447,1,0.3226899639101146,False,1,0.9977109178878594,1
448,1,0.1013194943377103,False,1,0.7858463417050535,1
449,0,0.2883240043389455,False,0,0.9434080392185183,0
450,1,0.1142619710403049,False,1,0.997448304295461,1
451,1,0.282705678646333,False,1,0.9636094975252619,0
452,0,0.2060279603505847,False,0,0.9788064791559574,0
453,0,0.1472509432376027,False,0,0.9864447500831349,0
454,1,0.2844946931808205,False,1,0.9663789276453331,1
455,1,0.5333690448925831,False,1,0.7633916616295302,1
456,0,0.5261148339793444,False,0,0.5742959816213585,1
457,1,0.1022133311681631,False,1,0.9716627022850448,1
458,1,0.2286580341265707,False,0,0.7692292196434936,0
459,0,0.3002340373314104,True,0,0.8919027032011182,0
460,1,0.4288199472877237,False,1,0.99997352573116,1
461,0,0.129981876410514,False,0,0.9922318956668633,0
462,1,0.5097282352951064,False,1,0.5689911823496453,0
463,0,0.1334319800608716,False,0,0.9589953721978837,0
464,0,0.2909526327060744,False,0,0.9847365034768738,0
465,1,0.3536633278486492,False,1,0.902828381217477,1
466,0,0.1582662521260866,False,1,0.981816290812637,1
467,1,0.2781000282381391,False,0,0.9725243716115677,0
468,0,0.1824909487244048,False,0,0.9781687709892571,0
469,1,0.3798008202844968,False,1,0.99996583995422,1
470,1,0.1498694315313752,False,1,0.5665135734625958,0
471,1,0.0550546214137508,False,1,0.9994930052596694,1
472,0,0.4292426333374434,False,0,0.9130335519931083,0
473,0,0.1453882851184543,False,1,0.7319809521330679,0
474,1,0.1603434701156615,False,1,0.9154116956126958,1
475,1,0.2904670983787263,False,0,0.9535027010888811,0
476,1,0.2956336365423631,False,1,0.8514970618550549,1
477,0,0.1842309879423536,False,0,0.9912661148721756,0
478,1,0.2743145561653664,False,1,0.9463211576861836,1
479,0,0.2104781530021754,False,0,0.9919821264993299,0
480,0,0.1068071180615255,False,0,0.7417353997540819,0
481,1,0.2675377646276868,False,1,0.5670279245901474,1
482,0,0.1974377706966289,False,0,0.9974043808247439,0
483,1,0.0121453545760595,True,1,0.9704823938510732,1
484,0,0.434558202085746,False,0,0.6973923697284571,0
485,0,0.3666747390778982,False,0,0.9843016109517453,0
486,0,0.3707105707023075,False,1,0.6717377916125866,1
487,1,0.1598899301665868,True,1,0.9998183419917795,0
488,1,0.7928543406831188,False,1,0.6108281266929995,0
489,1,0.5689878613817724,False,1,0.9373871345091906,1
490,1,0.489344219290673,False,1,0.9998120580038901,1
491,1,0.2595937364132024,False,1,0.9254904732588831,1
492,1,0.3615433248343228,False,0,0.5230523119093826,0
493,1,0.4747736919844962,False,1,0.9942005813849785,0
494,0,0.32559684849803,False,1,0.6549183547447069,0
495,0,0.0864014064370196,False,0,0.9645793377602554,0
496,0,0.1682211092364211,False,0,0.944671067636627,0
497,0,0.4485997545572932,False,0,0.8775972214255922,1
498,1,0.2482119355530051,False,1,0.9890332493937465,1
499,0,0.1959491694530492,False,0,0.6269669857326305,0
500,0,0.2673730056970982,False,0,0.9922756980118203,0
501,1,0.0533151653313039,False,1,0.9529404266362077,1
502,1,0.3588261792193613,False,1,0.996235882203096,1
503,1,0.2851440815872771,False,1,0.9558387984946667,1
504,0,0.0683100712819081,False,0,0.9273032983764514,0
505,0,0.1675857089581488,False,0,0.9998623339037551,0
506,1,0.0880074596047815,False,1,0.8313927352724318,1
507,0,0.3479916565489838,False,0,0.9459566852041065,0
508,0,0.2024635551553861,False,0,0.9978445156770581,0
509,0,0.1237301815343794,False,1,0.9073855235436282,0
510,1,0.581395946828916,False,1,0.965198015378988,1
511,1,0.4221889622207423,False,1,0.8720187431134839,0
512,1,0.2536969522953406,False,0,0.8388320360017394,0
513,1,0.2724356884915681,False,0,0.5595581622209786,0
514,1,0.255154043203245,False,1,0.964722187097051,1
515,0,0.2918780480829133,False,0,0.8608046988242155,0
516,1,0.1726984121219383,True,0,0.9823545537922945,0
517,0,0.5930215390601925,False,0,0.6475283367678333,0
518,0,0.3753290622883108,False,1,0.8395916982148477,0
519,1,0.2189399396121759,False,1,0.5858530156404812,0
520,0,0.2774715740499132,False,0,0.9984014951668887,0
521,0,0.2276856398096272,True,1,0.8731290564344872,0
522,0,0.1343558189259655,False,0,0.985499316105185,0
523,1,0.4851132793051267,False,0,0.6349894869813147,1
524,0,0.0373883104206216,False,0,0.9995066042294223,0
525,0,0.1431551744874098,False,0,0.9999867032739409,0
526,1,0.4864824817391423,False,1,0.9743395267111942,1
527,0,0.4913419221399569,False,0,0.9578264302688121,0
528,1,0.2439042348014981,False,1,0.880843469369869,1
529,1,0.1360176757585052,False,1,0.9681236792423089,1
530,1,0.128344551994205,False,0,0.7054582608613054,1
531,0,0.2581466222995477,False,0,0.9622071939968831,0
532,0,0.095166279828202,False,0,0.9933718859302471,0
533,0,0.3084234406986366,False,0,0.9722738947223326,0
534,1,0.3755220738252032,False,1,0.8121411389523143,1
535,0,0.2437978970590165,False,0,0.9977523797819327,0
536,0,0.3074523932630419,False,0,0.9862342569291904,0
537,0,0.3943921564916687,False,0,0.9931367388774132,0
538,1,0.2720307882758418,True,1,0.9936672510333148,1
539,0,0.2502189796300907,False,0,0.7773609206394693,0
540,1,0.6431510779527608,False,1,0.9914892802389356,1
541,0,0.3315797031591228,False,0,0.9335903251537842,0
542,0,0.4021562491559731,False,0,0.9144004957476616,0
543,0,0.3202955284292127,False,0,0.9896380963166435,1
544,1,0.2892569095321707,False,0,0.6801958736966335,1
545,0,0.2826346653162994,False,1,0.9986346200738015,1
546,0,0.3833450071158206,False,0,0.9925450770202835,0
547,1,0.0807613537742695,False,1,0.9997752470199763,1
548,1,0.4880286987796611,False,1,0.9675686282072302,1
549,1,0.256084566007227,False,1,0.9960668419567275,1
550,1,0.0602277770160061,False,1,0.8367925611898327,1
551,0,0.1211284104356012,False,0,0.9515839025709097,0
552,1,0.1275363995834662,False,0,0.6901878900851802,0
553,0,0.070811578713834,False,0,0.9992060713761928,0
554,1,0.2701621570004034,False,1,0.8077539126967281,1
555,1,0.3287862967850544,True,1,0.9999224945329196,1
556,1,0.1896214611207292,False,1,0.9999703574909398,1
557,1,0.1886202794169166,False,1,0.9998520363134331,1
558,1,0.1033536100949308,False,1,0.9899970954935476,1
559,1,0.3438347524397487,False,0,0.80899229852528,0
560,1,0.5100831301914793,False,1,0.9206267650511972,1
561,0,0.1827153135229866,False,0,0.9988921622298852,0
562,0,0.1835126636679527,False,1,0.7165059184179849,0
563,0,0.3965550592277903,True,0,0.9358564064760714,0
564,1,0.2770771668111213,False,1,0.9341907373128419,0
565,0,0.1590852664564818,False,0,0.9945723962405519,0
566,0,0.2713012782248903,False,0,0.9994469189371814,0
567,0,0.0831707701839757,False,0,0.7552415477769677,0
568,1,0.1852238662134292,False,1,0.9890901122077042,1
569,1,0.1893707978147841,False,0,0.7209303037455355,0
570,1,0.3209489402315388,False,0,0.8768780178615924,0
571,0,0.4592760301666039,False,0,0.8160605926939308,1
572,0,0.3418901555105715,False,0,0.7279118719239864,0
573,0,0.247179021520738,False,0,0.9303505835158409,0
574,0,0.2921310295899771,False,1,0.9988346056913145,0
575,0,0.1554290111843225,False,0,0.9999686404171123,0
576,1,0.3559771715783029,False,1,0.9769009738440791,1
577,1,0.5554252546261353,False,1,0.6584805916232211,1
578,1,0.2557472204743202,False,1,0.9914463662792314,1
579,0,0.364575406591268,False,0,0.9643780762867878,0
580,0,0.1489138550446441,False,1,0.8689928777155558,1
581,1,0.3577358523068449,False,1,0.8868429682349968,1
582,0,0.4217236408984787,False,0,0.7260539749242984,0
583,0,0.3477204159854178,False,0,0.8031035101036464,0
584,0,0.4753566474089294,False,0,0.7841638181521483,0
585,1,0.4171391415258014,False,1,0.7855592810516202,0
586,1,0.3523902048537425,False,1,0.6206950613551048,0
587,0,0.297987676254665,False,0,0.7494569520888553,0
588,1,0.295937401834981,False,1,0.9589949428638526,1
589,1,0.1863830570511684,False,1,0.9363555372924673,1
590,1,0.0474246478962661,False,1,0.6712035352726639,1
591,1,0.4089624529892794,False,1,0.9889017792753202,1
592,0,0.3923607270190532,False,0,0.6356989033314431,1
593,1,0.42012931305738,False,0,0.6523981999608104,0
594,0,0.0057330783297369,True,0,0.9979990380162311,0
595,1,0.127844616041713,True,1,0.9871885644837233,1
596,1,0.2527553252446449,False,1,0.9999999731046602,1
597,1,0.2416613506549737,False,1,0.9498243972745504,1
598,1,0.3874583205564453,True,1,0.9829839559073349,1
599,1,0.2120965570238047,False,1,0.9997482302870698,1
600,1,0.1200348160834436,False,1,0.9799433105088019,1
601,1,0.5475617438071155,False,0,0.610914688296065,0
602,1,0.4431881479356844,True,0,0.7291676712043597,0
603,0,0.1665013603107794,False,0,0.9979443330894658,0
604,1,0.4606326671302714,False,1,0.9754687431537999,1
605,1,0.4047323301682273,False,1,0.9997336747754298,1
606,0,0.0556774804895575,False,0,0.948607903243058,0
607,1,0.1753536286168347,False,1,0.9543108778143748,1
608,1,0.2113471178701139,False,1,0.9285757318973691,0
609,1,0.4086047981952608,False,1,0.9454330492026884,0
610,1,0.2680936471530687,False,1,0.785145979918857,1
611,0,0.1854870094956766,False,0,0.7029768743983544,0
612,1,0.1807378162128061,False,1,0.6813117502978219,1
613,0,0.3438108967164037,False,0,0.9920364034570599,0
614,1,0.1903758401888029,False,1,0.9993076454038017,1
615,1,0.5450890308639817,False,1,0.9292279345596406,0
616,0,0.4814227097653356,False,0,0.714385893037292,0
617,0,0.345379274456526,False,0,0.7550614198376233,0
618,0,0.3962390962160618,True,0,0.8449952006738618,0
619,0,0.3219993424931282,True,1,0.5222058151115517,0
620,0,0.4325652453904434,False,0,0.9944297241137234,0
621,0,0.2237988992123238,False,0,0.9985850716892187,0
622,0,0.6737597836713772,False,1,0.6742373321678402,1
623,0,0.5973881930689063,False,0,0.5875823244584636,0
624,1,0.0193950899410976,False,1,0.9397441647829063,1
625,0,0.1342717124136889,False,0,0.6761178892362888,0
626,0,0.3229230693911672,False,0,0.8380387292959912,0
627,0,0.4158738286119622,True,1,0.5847312468946317,1
628,1,0.134856272737624,False,0,0.6807943346840796,0
629,0,0.4429156500963341,False,1,0.7044767122446982,0
630,1,0.1816473683822826,False,1,0.9589664089231934,1
631,0,0.3053493329520507,False,0,0.9409757925133687,0
632,0,0.2970037239290446,False,0,0.9998995188523071,0
633,0,0.1520091537590963,False,0,0.8950719549521355,1
634,0,0.3300118495915785,False,0,0.9902714851739981,0
635,1,0.1816043956910079,False,1,0.9094951830988675,1
636,0,0.1174589559992288,False,0,0.9838422868863989,0
637,0,0.0392331868955543,True,0,0.9029371839732191,0
638,1,0.4090559561081836,False,1,0.9238690515493654,1
639,1,0.3198706950305542,False,1,0.93821919302077,1
640,1,0.3050518978664666,False,0,0.5967913988393788,0
641,1,0.1292742593366579,False,1,0.9999955225548615,1
642,1,0.2107112304542136,False,1,0.9880207228291568,1
643,0,0.3272065313518545,False,0,0.68914195953504,0
644,1,0.1891132104578652,False,1,0.9760169242656305,1
645,0,0.5316399327434105,False,0,0.9979758124018338,0
646,0,0.3942413863745236,False,0,0.9820677131801444,0
647,1,0.2708659382625261,False,0,0.5296822428727461,1
648,1,0.3230578781798187,False,1,0.9950675707099013,1
649,1,0.4513102252129496,False,0,0.9919972602225355,0
650,0,0.5685185601117889,False,0,0.9840169223515495,0
651,1,0.5357500134321826,True,0,0.6973100702861401,0
652,0,0.1137451549564204,False,0,0.9991608311417945,0
653,1,0.1574316842818725,False,1,0.7526807021368968,1
654,1,0.1097281080067315,False,1,0.9878508633054397,0
655,1,0.3958714782035534,False,1,0.8884744965578659,0
656,1,0.4881638927590539,False,1,0.9978231995113963,0
657,1,0.1872985112458413,False,1,0.8929153575468278,0
658,0,0.2136583905901419,False,1,0.5065393205282723,0
659,0,0.181913249490653,False,1,0.7616177562184672,0
660,0,0.1180241423914523,False,0,0.9994639853306528,0
661,1,0.6666911149449901,False,1,0.7926108324139882,0
662,0,0.2529554795004154,False,0,0.8684913994788221,0
663,0,0.3861467523376394,False,0,0.7975647059897035,0
664,1,0.6360197808691825,False,1,0.732245559097346,1
665,1,0.588753628865732,False,1,0.8868271891234607,0
666,1,0.0925407595258645,False,1,0.943776379679383,1
667,1,0.2485411286985488,False,1,0.9801369213708269,1
668,1,0.3372472939297104,True,1,0.9818536761567052,1
669,0,0.5433630361092776,False,0,0.7511609043058453,0
670,1,0.2941492475290517,False,0,0.9306124433369539,0
671,1,0.1144219544875706,False,1,0.894199751341972,1
672,1,0.2386962524990934,True,1,0.9999999885796623,1
673,0,0.0198300253446453,False,0,0.9969474497825432,0
674,1,0.3482087575010623,False,1,0.9999265127785099,1
675,1,0.3992984099604405,False,1,0.9923989397370093,1
676,1,0.2648928609659287,False,0,0.7359924146785182,0
677,0,0.4768919184591067,False,0,0.9186752789889865,0
678,1,0.1309323474894111,False,1,0.9766138822993197,1
679,1,0.3702358356139075,False,0,0.5654858053416311,0
680,1,0.19323605400053,False,1,0.9994370616058565,1
681,0,0.185522025134874,False,0,0.9969944118614703,0
682,1,0.1754222283898584,False,0,0.6803377871400791,0
683,1,0.3681077655997122,False,0,0.8837815514164017,0
684,0,0.3035094313269627,False,1,0.984706162626382,1
685,1,0.2832839462024958,False,0,0.9999648293921093,1
686,0,0.4035650621715543,False,0,0.9796361780703099,0
687,1,0.2400491681024439,False,1,0.9993787841653584,1
688,0,0.2458348666346274,False,0,0.9636592033936955,0
689,1,0.55108838852732,False,0,0.8104226408275877,0
690,1,0.1232804301145221,True,0,0.9127351985536406,0
691,1,0.1521129355553741,False,1,0.9960530880213155,1
692,1,0.5364367950795209,False,1,0.9866726837652914,1
693,1,0.4367646792331663,False,1,0.5690377433906014,0
694,0,0.2104315855930667,True,0,0.6431616894563331,0
695,0,0.1776848148372529,False,0,0.9986575994275079,0
696,1,0.1853410985990859,False,1,0.9254995360217145,1
697,1,0.4563964964404994,False,1,0.9438577309113049,1
698,0,0.2337867289787179,False,0,0.996380614399528,0
699,0,0.142293848061266,False,0,0.9780246205432873,0
700,1,0.4306210070311896,False,1,0.8867075377784999,1
701,1,0.1166280990698022,False,1,0.990043434510212,1
702,0,0.2235495702343372,False,0,0.7696267472317427,0
703,0,0.4873001584478451,False,0,0.7780290879150215,1
704,0,0.3317653121571396,False,0,0.9445357932812892,0
705,1,0.6798164146743195,False,1,0.5913760410338813,0
706,0,0.2516193933947072,False,1,0.87446969347375,0
707,1,0.2387166431948093,False,0,0.954467187948872,1
708,0,0.2061795378284287,False,0,0.9633080006528383,0
709,0,0.3946132506252582,False,0,0.7542423279636458,0
710,1,0.2843289319142035,False,1,0.907540819218091,1
711,1,0.3684974516119727,False,1,0.7240321790517432,0
712,1,0.1408295029719603,False,0,0.5764051337505434,0
713,1,0.4151718054271485,False,1,0.9729806015034931,1
714,1,0.3618707774144651,False,1,0.999991035233339,1
715,1,0.2998100995025023,False,1,0.7107688517791262,1
716,1,0.185467670107658,False,1,0.999454013383328,1
717,0,0.5248502072402792,False,0,0.9719494405226277,0
718,0,0.4075778930798726,False,0,0.9282249550068657,0
719,1,0.3227699538963616,False,1,0.9031239208315762,1
720,0,0.0902016697679325,False,0,0.9460885203224145,0
721,1,0.3093600152005096,False,1,0.9995381628805705,1
722,1,0.3151424066735618,False,1,0.9885254305387233,1
723,0,0.1817805817032714,False,0,0.783669449701058,0
724,1,0.1981843482723996,False,1,0.8106293597363313,0
725,0,0.4440605882848272,True,0,0.5560784726631451,0
726,1,0.2665750118187612,False,0,0.753536780970825,0
727,0,0.134927444296202,False,0,0.9335942930756252,0
728,0,0.2529925478660952,False,0,0.9977600822458568,0
729,1,0.1020258488924367,True,1,0.8963979582051294,1
730,1,0.2335703065565748,False,1,0.5636954702272514,0
731,0,0.7523691317255372,False,1,0.9276947263522981,1
732,1,0.2875756600341645,False,1,0.9848841237969129,0
733,1,0.3570659270153314,False,1,0.9700774540688518,0
734,0,0.2810867279137377,False,0,0.9637462487780603,0
735,1,0.1160823972928451,False,1,0.9755425496847584,1
736,1,0.2758436209032353,False,1,0.9997435994990481,1
737,0,0.2531039231891923,False,0,0.9729907711615636,0
738,1,0.5214415763087134,False,1,0.7001796868486597,0
739,1,0.1971316904950678,False,1,0.652655026945097,0
740,1,0.4673020878357817,False,1,0.9575093099311336,0
741,1,0.1648588595425525,False,1,0.8989387127566605,1
742,1,0.3462789525694263,False,1,0.8997589026208674,1
743,0,0.1078051715849849,False,0,0.9998209258796217,0
744,1,0.3680081560886745,False,0,0.5634602386304368,0
745,0,0.1652727251493436,False,0,0.7152101324457418,0
746,1,0.0637110002260764,False,1,0.999996708716023,1
747,0,0.1494063759434158,True,0,0.999838401171684,0
748,0,0.3429645254280969,False,0,0.9999107339036684,0
749,0,0.2845906657609479,False,0,0.9969784130292093,0
750,1,0.0713392661152981,False,1,0.9771492673269815,1
751,0,0.3377921428904973,False,0,0.9932848633362342,0
752,0,0.262808837457445,True,0,0.9937152009176613,0
753,1,0.155069275312111,False,1,0.8680224773315045,1
754,1,0.1941726973899359,False,1,0.9999910065372386,1
755,0,0.2949918217709224,False,0,0.86943015598634,0
756,1,0.2565291585377786,False,1,0.9497520788803989,1
757,0,0.1783007817697685,False,0,0.9407794395606514,0
758,0,0.2012875482345159,False,0,0.9635829777580439,0
759,1,0.1322215424715476,False,1,0.7707539424225569,1
760,0,0.1830538266138527,False,0,0.8314749089554138,0
761,1,0.0809329442245701,False,1,0.9999809973446796,1
762,1,0.0739581224723673,False,1,0.9128539120090168,1
763,1,0.1592776823022119,False,1,0.6938295492971492,1
764,0,0.360866000518573,False,0,0.8918290910717598,0
765,1,0.2540048332139272,False,1,0.7537481380530967,1
766,1,0.3569274595917069,True,1,0.9995367309637423,1
767,0,0.2704199624821698,True,0,0.9980647036338709,0
768,0,0.3281890786179259,False,1,0.9123175019713576,1
769,0,0.1590202054598795,False,0,0.9948210813983127,0
770,1,0.1540030605848878,False,1,0.9480113353982507,1
771,1,0.2442359482433092,False,1,0.9204532076886708,1
772,0,0.3515977059044123,False,0,0.9343800133652227,0
773,1,0.1386847753705646,False,0,0.5716349940513592,1
774,1,0.1960944237871392,False,1,0.7899133334044095,1
775,1,0.177984895155447,False,1,0.9134555070402122,1
776,0,0.6757805322497271,False,0,0.8857108713525733,0
777,0,0.2943302813967514,False,1,0.9511142849521614,0
778,0,0.2768513025015058,False,0,0.9968122297045112,0
779,1,0.1772505302004811,False,1,0.9999435468934627,1
780,1,0.0101427402317827,False,1,0.9864836781629099,1
781,1,0.4226396932883091,False,1,0.9810789661531186,1
782,0,0.0985751607989682,False,0,0.743669607865056,0
783,0,0.211000635448661,True,0,0.9704498857358036,0
784,0,0.0951050011322156,False,0,0.9985687814732109,0
785,1,0.4418344487207479,False,1,0.9958596739241294,1
786,0,0.3804322558050982,False,0,0.7193308069556916,1
787,1,0.0716573570042872,False,1,0.9881110280107391,1
788,1,0.133912410257092,False,1,0.8408622107718451,1
789,0,0.2657703237621655,False,0,0.9955146974380977,0
790,0,0.0225408223345146,False,0,0.8816299085335939,0
791,0,0.0317632678767937,False,0,0.9651967253158903,0
792,1,0.1837783727616074,False,1,0.999074978521285,1
793,1,0.4150146509525347,False,1,0.993441555115299,1
794,0,0.169224206268055,False,0,0.9691640112229792,0
795,0,0.4288057992064722,False,0,0.8578433186738182,0
796,1,0.2826259215622199,False,1,0.9976886086006339,1
797,0,0.1938253160377991,False,0,0.9922758226652926,0
798,0,0.4032644014948738,False,1,0.9843480891518938,1
799,0,0.1302139977941559,False,0,0.8941528289413218,0
800,0,0.3610991154918406,False,0,0.9998705488576478,0
801,0,0.4806828054184773,False,0,0.9854626216494977,0
802,1,0.1807931575219522,False,1,0.8205789346871045,1
803,1,0.0560041537321743,False,1,0.9974214617036614,1
804,1,0.0172784579750642,False,1,0.9195569935596611,1
805,1,0.1650692916838856,True,1,0.9052984395047926,1
806,1,0.1908807873967115,False,1,0.9858469510136768,1
807,0,0.2390240154857633,False,0,0.6681421730574365,0
808,0,0.284932302792806,False,1,0.5131738195673176,0
809,1,0.2304986586622606,False,1,0.8695605452437837,1
810,0,0.1423277884463773,False,0,0.9996185669163434,0
811,1,0.109791666063731,False,1,0.9188119503607667,1
812,1,0.0826963270602959,False,1,0.9913793180626472,1
813,0,0.3018094783122492,False,0,0.9220719813046705,0
814,1,0.3927562123288213,True,1,0.704906635830714,1
815,1,0.1112614814170996,False,1,0.9755269316267082,1
816,0,0.3631169997078081,False,0,0.9655066855887144,0
817,0,0.1884850461947068,False,0,0.8100910912629801,1
818,1,0.3147018495444985,False,0,0.7864431770785159,0
819,1,0.4567425949172429,False,1,0.9994591432188927,1
820,0,0.2521959677995315,False,0,0.997077975006603,0
821,1,0.0982978483980983,False,1,0.9954870041203634,1
822,0,0.0831361790091332,False,0,0.9693522269114263,0
823,1,0.2545683798242977,False,1,0.8499185194573865,1
824,1,0.1269799278180599,False,1,0.7276852428586946,1
825,0,0.4325522955547927,False,0,0.9997636253427852,0
826,1,0.1707824310638529,False,0,0.8037664622377871,1
827,1,0.2763037525579876,False,0,0.7931738335917295,0
828,1,0.299700033054802,False,1,0.5775696701673024,0
829,0,0.5652744416009139,False,0,0.9757902139839001,0
830,0,0.1606184566334488,False,0,0.9943350642741774,0
831,0,0.2715589403456195,False,0,0.7207167728415731,1
832,0,0.3085301105522736,False,0,0.9988627153917498,0
833,0,0.2103081690103695,False,0,0.9892916979560603,0
834,1,0.1794089631609871,False,1,0.9999882084874199,1
835,1,0.1163646897367766,False,1,0.92834909622076,1
836,1,0.362350590065105,False,1,0.9022477300350076,1
837,0,0.3774448592466894,False,1,0.6083912622338592,0
838,0,0.3357852517809999,False,0,0.9986959120688743,0
839,1,0.5314317354389091,False,1,0.6504730953777667,0
840,0,0.3053761126029771,False,0,0.9855373872829088,0
841,1,0.1192570495024777,False,1,0.8077828091147871,1
842,1,0.2263091220514084,True,1,0.700630887838817,0
843,0,0.0893615259299597,False,0,0.8912501116578362,0
844,0,0.1740539551824641,False,0,0.9999770428222557,0
845,0,0.4760237364592405,False,0,0.8833617690530616,0
846,0,0.3459646306333117,False,1,0.6586117397302664,0
847,0,0.1201625788930768,False,0,0.622732481086772,1
848,1,0.5938606372233077,False,1,0.9998986952480022,1
849,1,0.0991080812305761,False,1,0.9935032872147394,1
850,1,0.2690044184459725,False,1,0.9472571022858354,0
851,1,0.4039463666737677,False,1,0.9970097275576688,1
852,1,0.4140581585013952,True,1,0.989586066384876,1
853,0,0.1062112028420963,True,0,0.9963671943450791,0
854,0,0.1281025161748109,False,0,0.9683740784230526,0
855,1,0.1713986747409301,False,1,0.5515004810340779,1
856,0,0.1902736846811178,False,1,0.9008730795195343,0
857,0,0.3977474013732005,False,0,0.9932422086260588,0
858,1,0.1565961660486866,True,1,0.9972310766147475,1
859,1,0.2226099345325476,False,1,0.9871129471695358,0
860,1,0.1304506140270062,False,1,0.6539638918886925,0
861,1,0.3075510903214716,False,1,0.8437703455895735,1
862,0,0.2130893241013147,False,0,0.8519017036040515,0
863,1,0.2206808907355486,False,1,0.9595485730789219,1
864,1,0.5068968230114718,False,1,0.9999796187390074,1
865,1,0.0492648063428233,False,1,0.9877576627491402,1
866,1,0.1174433539895212,False,1,0.982134486870652,1
867,1,0.2874322815411929,False,1,0.9996940467876402,1
868,0,0.1546106697848697,False,0,0.9929163572481222,0
869,0,0.207314556457895,False,0,0.9340482450818269,0
870,0,0.3162368304459976,False,0,0.988602106602853,0
871,0,0.3799844031179611,False,1,0.9825481363344747,1
872,0,0.2024076003166007,False,1,0.9907638778683845,1
873,0,0.3453730947100576,False,0,0.9259291387193159,0
874,1,0.1632649896446769,False,1,0.9670013557480737,1
875,1,0.2374670027874875,False,1,0.9809294334575729,1
876,1,0.2607812964952761,False,1,0.9999992606845663,1
877,1,0.3019303455556169,False,1,0.999517252599977,1
878,1,0.2350473056507885,False,1,0.9858937731020202,1
879,1,0.0383216131671932,False,1,0.9961166477582736,0
880,0,0.3460918832402617,False,1,0.5761938727513192,0
881,1,0.6261722076878848,False,1,0.8370338704059264,0
882,0,0.3741645595136846,False,0,0.9970522389752344,0
883,0,0.1104346287293604,False,1,0.9592583399815258,1
884,1,0.4455419000040657,False,0,0.9156545795154438,0
885,1,0.3498742009957601,False,0,0.9178171560408708,0
886,0,0.4097441256882119,False,0,0.9536544298633797,0
887,0,0.1845809475179382,False,1,0.8424448722934103,1
888,0,0.4940504122155114,False,0,0.9580615239130361,0
889,0,0.2901704051310853,False,0,0.9575064096551495,0
890,0,0.3405402953237165,False,0,0.9954978052573841,0
891,1,0.1299995075662813,False,1,0.9951638130654548,1
892,1,0.207955755084628,False,1,0.9815940115168456,1
893,1,0.4983097996909912,False,1,0.9806065538337811,1
894,1,0.4858411703801212,False,0,0.8529653132302056,0
895,1,0.3195061628053145,False,1,0.9844672078867509,1
896,1,0.2658021636489297,False,1,0.9978621576359302,1
897,0,0.0023646941810625,False,0,0.9539241319592379,0
898,0,0.1451199404229156,True,0,0.6152934429843078,0
899,1,0.2234077810999474,False,1,0.9981362375332787,1
900,0,0.1691616294134924,False,0,0.9963560166477012,0
901,0,0.2002908253276989,False,1,0.6774608173072126,0
902,0,0.1834767914046524,False,1,0.998571535779563,1
903,1,0.063678957963864,False,1,0.9531224497629264,1
904,0,0.5291228885437805,False,1,0.7201431174933952,1
905,1,0.2427204595579705,False,1,0.9853289805190136,1
906,0,0.1748006538193955,False,0,0.9756728336431826,0
907,0,0.2238883104353132,False,0,0.9998849377630316,0
908,0,0.1925503614670891,False,1,0.9305563376963721,1
909,0,0.1008134060890705,False,0,0.9911539453976703,0
910,1,0.0928392660115314,False,0,0.9878767761239962,0
911,0,0.1006278622758038,False,0,0.9047222410619168,0
912,0,0.1930355750299323,False,0,0.9896528309501689,0
913,1,0.2522452400151626,False,1,0.9891018156459933,1
914,1,0.2439026009433023,False,1,0.8221568934182273,1
915,0,0.1819310106033095,False,0,0.9353289724172869,0
916,1,0.1574120183796238,True,1,0.8070646464622943,1
917,1,0.1767930686531951,False,1,0.9971056625940841,1
918,0,0.2007513032720592,False,0,0.9995876643785628,0
919,1,0.1616942738716037,False,1,0.9970961178374452,1
920,1,0.2043371146500781,False,1,0.7117184825123565,0
921,1,0.3769035839335788,False,1,0.992148561315841,1
922,0,0.2726993290906341,False,0,0.9994927820809204,0
923,0,0.318858348262787,False,1,0.7938271256251431,0
924,0,0.1593145475407148,False,0,0.7509534952331945,0
925,1,0.3206981105871769,False,1,0.939870541464273,1
926,1,0.4310671655368847,False,1,0.7665535857700403,0
927,0,0.5790398902459053,False,0,0.5641574990319184,0
928,0,0.2853576859703751,True,0,0.9287122532148772,0
929,1,0.160062290195546,False,1,0.999181225739156,1
930,1,0.3155531778705872,False,1,0.9148470619971012,1
931,1,0.2723669553891564,False,1,0.9993166681761771,1
932,0,0.6255837772099101,False,0,0.6983447681201644,0
933,1,0.3309343482163152,False,1,0.9866587398893644,1
934,0,0.1276916229518616,False,0,0.9997419546954157,0
935,1,0.5022768735207376,False,0,0.9742433547197403,0
936,0,0.365224526946495,False,1,0.8677531165179234,1
937,0,0.0089385477640437,False,0,0.9309577894076222,0
938,0,0.3337191881663795,False,1,0.9972237057580207,1
939,1,0.3285257313076708,False,1,0.768132205686128,0
940,1,0.6285092183670085,False,0,0.5430390261887292,0
941,0,0.1130412255470804,True,0,0.9334445852441151,0
942,1,0.2318194581671754,True,1,0.9548270203831136,1
943,0,0.1811243613814804,False,0,0.9587993833737892,0
944,0,0.0866338880377556,False,0,0.9996710645003581,0
945,0,0.1991553824278923,False,0,0.8499008442576955,0
946,1,0.3997726394357745,False,1,0.6706211266430058,0
947,0,0.263045274515234,False,0,0.9999674428902812,0
948,1,0.5696249460238825,True,0,0.9980942686995554,0
949,0,0.069911643772575,False,0,0.9927491561071715,0
950,0,0.4619237629529787,False,0,0.9984873595134355,0
951,0,0.5383637747957336,False,0,0.999208262288052,0
952,1,0.1786454025057643,False,0,0.6614247295073042,1
953,0,0.506943210686804,False,0,0.9982239042282033,0
954,1,0.2180199706710245,True,1,0.9999935925189285,1
955,1,0.3391924606875814,False,1,0.9960611730221405,1
956,0,0.442065842209902,False,0,0.9063656767195616,0
957,1,0.326948535535241,False,1,0.9999687868675019,1
958,1,0.0989123050972064,False,1,0.9832730250651582,1
959,0,0.1770096159833375,False,0,0.9976534406132465,0
960,0,0.2454538471847291,False,0,0.9738758307087515,0
961,0,0.4751474765691538,False,0,0.9847412039918644,0
962,1,0.1159037557186246,False,1,0.9999896708318868,1
963,0,0.4314010414033807,False,1,0.9894063953055747,1
964,1,0.6248099567092212,False,1,0.9969871669580092,1
965,1,0.2388663054009131,False,1,0.9998609561941882,1
966,1,0.0231448419756859,False,1,0.989764603231579,1
967,0,0.4809516837014076,False,1,0.9897786435312494,1
968,1,0.1893318638317215,False,1,0.8049692378944443,1
969,0,0.1808155385568021,False,0,0.9008256777735545,0
970,0,0.5863627422165846,False,0,0.6508074216273743,0
971,0,0.0996639437293212,False,0,0.8866553701195259,0
972,0,0.0513356678525682,False,0,0.6982128371532482,0
973,0,0.2066873228120986,False,1,0.6594715198456712,0
974,0,0.7117723991878013,False,1,0.999667666536825,1
975,0,0.1428121943911509,False,0,0.5320435738101892,1
976,0,0.3514982572353736,False,0,0.9990019854715779,0
977,1,0.2358917815768457,False,1,0.8311888162044281,1
978,0,0.3081629521251746,False,0,0.7651671712223052,0
979,1,0.1955800205425096,False,1,0.9999954582812902,1
980,1,0.1666055841710746,False,1,0.951269422888639,1
981,1,0.3258332760448519,False,1,0.5533144130187336,1
982,1,0.1354084706268835,False,1,0.9489755632110146,1
983,1,0.4431195102102019,False,1,0.8791020462406849,1
984,1,0.1346258411573229,False,1,0.9993991039014736,1
985,1,0.6702300510006781,True,0,0.5664323004367475,0
986,1,0.3409852311885091,True,1,0.9115910991748808,0
987,0,0.4628309225914822,False,0,0.9993359370870247,0
988,0,0.3004285005006463,False,0,0.9903609759848204,0
989,1,0.2223016385830229,False,1,0.961671807756286,1
990,0,0.1883116253476909,False,0,0.6044864345397646,1
991,1,0.3322017043470504,False,1,0.9829229467317542,1
992,0,0.2375451362179451,False,0,0.9980669476456936,1
993,0,0.474849708118515,False,1,0.5668941383747848,0
994,1,0.4438512925348644,False,1,0.9154864245215688,1
995,1,0.4249282449740055,False,1,0.9622577951556435,1
996,1,0.4334908934707098,True,1,0.7364268611234338,0
997,0,0.372435545468136,False,0,0.9959140852185464,0
998,1,0.2302672011998923,False,1,0.783540443753529,1
999,1,0.1684079105160559,False,1,0.9646593924440849,1
1000,1,0.1877351429014694,False,1,0.9886912955803818,1
1001,1,0.3720404944064658,False,1,0.524635241181658,1
1002,1,0.1164743977948667,False,1,0.9015781691334496,1
1003,1,0.3766802104965362,False,0,0.9977379630227843,1
1004,0,0.090835723208728,False,0,0.9955907737960745,0
1005,1,0.3655436448727568,False,1,0.7586575680018012,1
1006,1,0.2953613166503599,False,1,0.9998826987248722,1
1007,1,0.1504314035736938,False,1,0.9462568895726509,0
1008,1,0.0916326517588948,False,1,0.7113744071244962,1
1009,1,0.5642392431463858,False,1,0.8949519825980449,1
1010,0,0.3037564765008352,False,1,0.6629194837311982,0
1011,1,0.1374100148287295,False,1,0.9769282367768016,1
1012,0,0.5604697821253917,True,0,0.9897514793936467,0
1013,0,0.4669461995109027,False,0,0.9811330940035313,0
1014,1,0.3944604224681484,True,1,0.9916967883434333,1
1015,1,0.1107556099152338,False,1,0.9977800433980707,1
1016,0,0.1611042004984042,False,0,0.9106397655440868,0
1017,0,0.0295147871887378,False,0,0.7568946329808367,0
1018,0,0.1263079077702212,False,0,0.9680905199696479,0
1019,0,0.2333094391217287,True,1,0.9517650546243893,1
1020,0,0.2938896877153629,False,1,0.8210854454511637,1
1021,0,0.3907189939939857,False,1,0.9134647692148833,0
1022,1,0.1466421701802827,False,1,0.9981487028640781,1
1023,1,0.0441413593430606,False,1,0.9855509467557927,1
1024,1,0.0996446457348459,False,0,0.9193991686229823,1
1025,0,0.4053047079110271,False,0,0.9999045160775057,0
1026,0,0.5145776917064268,False,0,0.8004432331015499,0
1027,0,0.2200535446198453,False,1,0.9526968773931238,0
1028,1,0.2406883496344359,False,0,0.8626433478733009,1
1029,0,0.4731729133737937,False,1,0.865173966404053,0
1030,0,0.2460633637673447,False,0,0.9382954038213797,0
1031,0,0.1924356153007976,False,0,0.9944002963467284,0
1032,1,0.417878362924575,False,1,0.9999463781388577,0
1033,0,0.4289391884528806,False,0,0.6408123827845207,1
1034,0,0.2343725127185127,False,0,0.7878150034029989,0
1035,1,0.4213084494574556,False,1,0.7713691842494836,0
1036,1,0.1527362233718426,False,1,0.9974058358364168,1
1037,0,0.2594110784486612,False,0,0.921757335503393,0
1038,0,0.3102928832178327,False,0,0.8209280406514836,0
1039,1,0.1339828163245883,False,0,0.6937977096183678,0
1040,1,0.1590636100674162,False,1,0.8298806637016145,0
1041,1,0.1927839146942249,False,1,0.9343814669629636,1
1042,0,0.3706559314307313,False,0,0.6085743548104172,1
1043,0,0.499673075565959,True,0,0.9143420443449497,0
1044,1,0.5002899473488244,False,1,0.7727109189475199,0
1045,0,0.4400637149232444,False,0,0.9998580443338904,0
1046,0,0.1776964849125363,False,0,0.6775019609651973,1
1047,1,0.6149130080716689,False,1,0.6828074350386814,0
1048,1,0.0300609544148878,True,1,0.9986892433989109,1
1049,0,0.4238480767238689,False,0,0.8717466014112214,0
1050,1,0.3548592282285969,True,1,0.7960548120360365,1
1051,0,0.0763247795068459,False,0,0.9891674087291673,0
1052,1,0.2227059817825179,False,1,0.9469529748924769,1
1053,1,0.2980549785917491,False,1,0.9938024527664447,1
1054,0,0.09969160966478,False,1,0.8359085566953411,0
1055,1,0.2645044431898606,False,1,0.9979797019725315,0
1056,0,0.1184546337095991,False,0,0.8856780758889921,0
1057,1,0.3062980464782184,False,1,0.998143546648967,1
1058,0,0.3286506869293121,False,0,0.5301755218947959,0
1059,0,0.0676645258065445,False,0,0.8466102274634251,0
1060,1,0.2614147385509513,False,1,0.9970391261136462,1
1061,1,0.3803019810457181,False,1,0.8322585170963771,0
1062,0,0.0339235176931072,False,0,0.9557531444072349,0
1063,1,0.3512485731510554,False,1,0.9994668596721417,1
1064,1,0.3919621743079727,False,0,0.6616322135771819,0
1065,0,0.58777575278609,False,1,0.6157928661761081,1
1066,1,0.3333736556291405,False,0,0.7593447641625031,0
1067,1,0.1208029957431744,False,1,0.9441384725048894,1
1068,0,0.3070338179500689,False,0,0.5469092550678781,0
1069,0,0.3224140273825983,False,0,0.7459508029644888,0
1070,1,0.4314688799679405,False,1,0.9994110150593674,1
1071,0,0.5269870086170805,False,0,0.9995787324223459,0
1072,1,0.2950016401731359,False,1,0.9987611728075164,1
1073,1,0.2468283027277287,False,1,0.9601988216024712,1
1074,0,0.2924383828356861,False,0,0.8149555846598868,0
1075,0,0.2262637815821439,False,0,0.999524091399143,0
1076,1,0.3263754200364436,False,1,0.9693965735200664,1
1077,0,0.1158657407388592,False,0,0.9999966936463153,0
1078,0,0.4172286247606239,False,0,0.9986901953023309,0
1079,1,0.3543009767658992,False,1,0.9735780536811731,1
1080,1,0.304707699842741,True,1,0.9998963721312581,1
1081,1,0.1256520082858342,False,1,0.9978267462673536,1
1082,1,0.1074648339164483,False,1,0.999539782877689,1
1083,1,0.4744097850906144,False,1,0.8953161361928528,1
1084,0,0.5893493311472779,False,0,0.9971379013047591,0
1085,1,0.3410452139742546,False,1,0.9999990807476763,1
1086,1,0.6385167015203643,False,1,0.9559351784406488,1
1087,1,0.4464334671672219,False,0,0.9337094349701123,0
1088,1,0.1385091369920008,False,1,0.9884063548325649,0
1089,0,0.3054519599041485,False,1,0.9583289751960833,1
1090,1,0.2185022399098759,False,1,0.9813016673515764,1
1091,0,0.3517355343872916,False,1,0.7310473490845673,0
1092,1,0.2803009010771648,False,1,0.9927913789590821,1
1093,0,0.380851648817267,False,1,0.6435355748677052,1
1094,0,0.4039776374123601,False,0,0.6791472544535092,0
1095,0,0.1728706860351786,False,0,0.9348937115119181,0
1096,1,0.266598851207516,False,1,0.9825794283875308,1
1097,1,0.3162537132055635,False,1,0.9152644775011566,1
1098,0,0.371941645744321,False,0,0.9971504487077586,0
1099,0,0.491741705122467,False,0,0.8199715527983485,0
1100,0,0.1250173533642805,False,0,0.9999048001086434,0
1101,0,0.1527809611252603,False,0,0.9999656136908556,0
1102,1,0.145860922971328,False,1,0.6769642946130561,0
1103,0,0.4682391860360972,False,0,0.9997495605857881,0
1104,0,0.3773457048200729,False,0,0.999797099940682,0
1105,0,0.1543588705772852,False,0,0.7359659527515539,1
1106,0,0.2753162755527426,False,0,0.9999151883694042,0
1107,1,0.0627548143497659,False,1,0.9437747039007841,1
1108,1,0.0838338896188035,False,1,0.9999621699729605,1
1109,0,0.1131250034475679,False,0,0.9426174435245124,0
1110,1,0.4446107201526506,False,0,0.7429459714851435,0
1111,0,0.402011652857962,False,1,0.9998562401016177,1
1112,0,0.1618451653437009,True,0,0.9794312860691463,1
1113,0,0.1846373047231095,False,0,0.7284560319043181,0
1114,0,0.1144379215832855,False,1,0.9121168982759008,0
1115,0,0.1236624813272218,False,0,0.9999685153952221,0
1116,1,0.1713402685170986,False,1,0.8952474695894163,1
1117,1,0.3129208447404825,False,1,0.9988464167992189,1
1118,1,0.2674332853967064,False,1,0.9997803959795885,1
1119,0,0.0399902355662097,False,0,0.9968767876972533,0
1120,0,0.129164604549838,False,0,0.9767727437253513,0
1121,0,0.345353376945877,False,0,0.8588549226837108,0
1122,0,0.3038187468600258,False,0,0.812587632329634,0
1123,0,0.1819697934864011,False,0,0.9955607892041699,0
1124,1,0.3476710752964269,False,1,0.6885869157638627,0
1125,1,0.1853186609578581,False,1,0.9982746611196338,1
1126,1,0.4038723189891329,False,0,0.6943281303215401,0
1127,1,0.3303596933172203,True,1,0.9980337086977321,1
1128,1,0.2027590536165947,False,1,0.9999743645691893,1
1129,1,0.6609428657228628,False,1,0.6410419489573153,1
1130,0,0.2430665980634218,False,0,0.7030730128660799,1
1131,1,0.453897779294019,False,1,0.9999553854330108,1
1132,1,0.4307968639756174,False,0,0.9034272746987018,0
1133,1,0.1134502276546265,False,1,0.9963785688011662,1
1134,1,0.1773401842631592,False,1,0.9518844496032225,1
1135,0,0.520366853660453,True,1,0.9910214102181899,1
1136,1,0.1982160927991612,False,1,0.980610702639485,1
1137,0,0.319251728447409,False,0,0.9986799449995222,0
1138,1,0.1605012360914015,False,1,0.8844132100074985,1
1139,1,0.3568737444014901,False,1,0.9725739234169868,1
1140,1,0.1644345674912187,False,1,0.640841419632986,1
1141,0,0.4207898901422572,False,0,0.8751170299857812,0
1142,1,0.3358111999222186,False,1,0.9984005586909812,1
1143,1,0.3622449441421516,False,1,0.7456621877883255,1
1144,0,0.4793856255060168,True,0,0.8045859685493336,0
1145,0,0.3169407799702096,False,0,0.9575440637309899,0
1146,1,0.2177976033585862,False,1,0.68950979620304,1
1147,1,0.1009500088253202,False,1,0.8909256357855401,1
1148,1,0.4205512769460347,False,1,0.9883338460448213,1
1149,1,0.480140038163154,False,1,0.795657129302154,1
1150,0,0.5994867283622967,False,0,0.6465633651344783,0
1151,1,0.3901523212798026,False,0,0.783624444223235,0
1152,0,0.1253199946585719,False,0,0.9965317162337105,0
1153,1,0.5549566248660377,False,1,0.6860875679702686,1
1154,0,0.1955995431843462,False,0,0.9345116390524588,0
1155,1,0.2004823830107969,False,1,0.7365089223297353,0
1156,0,0.3534949547731193,False,0,0.9805159996983814,0
1157,1,0.1810951670324319,False,1,0.9976579206827212,1
1158,0,0.3694475829971512,False,0,0.9986679631952193,0
1159,0,0.2131065076871972,False,0,0.9628721193139277,0
1160,1,0.486187395935469,False,1,0.8644696103482729,1
1161,0,0.3929461413703806,False,0,0.8995724762941626,0
1162,1,0.1196582344866076,False,1,0.6136639446053596,1
1163,1,0.4200596734436081,False,1,0.9999997021722019,1
1164,1,0.2398254713993624,False,1,0.9929382210100235,1
1165,0,0.6355527336205489,False,1,0.86862650035666,0
1166,0,0.2251243715241772,False,0,0.9800977692990197,0
1167,0,0.3627775108393965,False,0,0.9850127521376923,0
1168,1,0.2653096796889775,False,1,0.9588962680096761,1
1169,1,0.1581788379593078,False,1,0.9796396472890609,1
1170,1,0.2536690649045063,False,1,0.9992529460051496,1
1171,1,0.398018596392879,False,1,0.7432649974496678,1
1172,0,0.2324809247994299,False,1,0.9152616122246959,0
1173,0,0.1580235615846074,True,0,0.9996058493354616,0
1174,0,0.3827780533868447,False,0,0.7252581104759066,0
1175,0,0.1814018209443353,False,0,0.9493232685513388,0
1176,0,0.3973984796115618,False,0,0.9961642210140261,0
1177,0,0.3546345400587065,False,0,0.9546670484329097,1
1178,0,0.3015620817279836,False,0,0.915076024076311,0
1179,0,0.4266997543866841,False,0,0.5958098893006789,0
1180,1,0.5618310995068542,False,1,0.9392310860366447,1
1181,1,0.3382155457844191,True,1,0.776742399905841,0
1182,1,0.1956652904635027,False,1,0.5575096289818144,0
1183,0,0.4754453361182619,False,0,0.9827758146426597,0
1184,0,0.3991747999990676,True,1,0.9946450124888344,0
1185,0,0.3553361742762846,False,0,0.9058264599423751,1
1186,0,0.0754252957269361,False,0,0.9999941776563969,0
1187,1,0.4042106165478864,False,1,0.7049151625591146,1
1188,1,0.252386060813535,False,1,0.9999998283090388,1
1189,0,0.0367244128753896,False,0,0.9999873957285764,0
1190,0,0.0171524367299538,False,0,0.9999810363295019,0
1191,0,0.1817777826544817,False,0,0.5959350594399422,0
1192,0,0.0386633500903585,False,1,0.9897039921652121,0
1193,1,0.3014399587388978,False,1,0.9998019807750659,1
1194,1,0.0710716092017908,False,1,0.9827644927678206,1
1195,1,0.2279032706942747,False,1,0.9999766295731397,1
1196,1,0.201872291639584,False,1,0.9999981668215362,1
1197,1,0.1494244626358798,False,0,0.950381812488934,1
1198,1,0.2033717934186207,False,1,0.9836739124250188,1
1199,1,0.2003885293783918,False,0,0.8801316356274966,0
1200,1,0.4520460161848946,False,1,0.9998960758111672,1
1201,0,0.6056351156066163,False,0,0.720903056908644,0
1202,1,0.4940954358339581,False,1,0.9998936438985767,1
1203,1,0.1092863437578493,False,1,0.9998980810929169,1
1204,1,0.4296444015647745,False,1,0.972990540867391,1
1205,1,0.48714151548778,False,1,0.8573043589709313,1
1206,1,0.056226182001376,False,1,0.9559860980680321,1
1207,1,0.1863102194897703,False,1,0.999939746273367,1
1208,0,0.4053965206779765,False,0,0.9750689089736646,0
1209,1,0.1661096248950847,False,1,0.9988758833642949,1
1210,1,0.4774870869721777,False,1,0.9999935050057086,1
1211,1,0.3523922428763931,False,1,0.8511379957542334,1
1212,0,0.3716156936093973,False,0,0.8519508264807849,0
1213,1,0.5290155359179474,True,1,0.8955536998827104,1
1214,0,0.45631083629492,False,0,0.7941848313050562,0
1215,0,0.1058021647617172,False,0,0.999972217546023,0
1216,1,0.1723455040969018,False,1,0.8067708828533066,0
1217,1,0.3155891181638463,False,1,0.828721299510403,1
1218,1,0.1624681306542473,False,1,0.9959117406437595,1
1219,0,0.3505257830938574,False,1,0.8471422914100749,1
1220,1,0.3495293250270411,True,1,0.972200215070953,1
1221,1,0.1085843377468173,False,1,0.9989566439525306,1
1222,1,0.3171727928624157,False,0,0.6125585117197004,1
1223,1,0.149312137325726,False,1,0.9999775566521606,1
1224,0,0.1969632926576165,False,0,0.9831051658004745,0
1225,1,0.3157544528286404,False,1,0.9155997790803886,1
1226,0,0.4414151074615897,False,1,0.9927762957458535,0
1227,1,0.120532503066349,False,1,0.9793911180173345,1
1228,0,0.4411068586595617,False,1,0.5040025886812393,1
1229,0,0.3445009645335036,False,0,0.9995720297210419,0
1230,1,0.3174436997797082,False,0,0.9824748395710863,0
1231,1,0.2200675649974808,False,1,0.9818750751072961,1
1232,1,0.3241332920273888,True,1,0.9577158206840228,1
1233,1,0.1343087991923623,False,1,0.9990066603945988,0
1234,1,0.2135288727196052,False,1,0.8333861822302158,1
1235,0,0.441871435255076,False,0,0.9218431079783795,0
1236,0,0.3378145389232918,False,1,0.5519695448943996,0
1237,0,0.3579861719346451,False,0,0.999903608746694,0
1238,0,0.7703522521496339,False,0,0.9723011956891704,0
1239,0,0.2021944020112625,False,0,0.9451542778307643,0
1240,1,0.3704276274290865,False,1,0.746947599536384,1
1241,1,0.115313332477119,False,1,0.922213233469433,1
1242,1,0.5389991213253185,False,1,0.8807120662962878,1
1243,0,0.2545151196259893,False,0,0.7412943128287002,1
1244,1,0.2913901500344923,False,1,0.9989248729803163,1
1245,1,0.056290771682131,False,1,0.9996170960874633,1
1246,1,0.2542658148760954,False,1,0.99886763301135,1
1247,0,0.1166318309190775,True,0,0.9676613199091679,0
1248,0,0.6378669892874947,False,1,0.5748576926397704,1
1249,1,0.2435550459647796,False,1,0.9622757143974161,0
1250,0,0.1494649254119916,True,0,0.9999986468185472,0
1251,0,0.2526795057413271,False,0,0.6391856190617271,0
1252,0,0.1710087941820345,False,1,0.6590633215981532,1
1253,1,0.0176530264144463,False,1,0.9999917720562135,1
1254,1,0.2683398428121951,False,1,0.9139219061565136,1
1255,0,0.1199999704763621,False,0,0.999478532145127,0
1256,0,0.2731546056341847,False,0,0.9442153053793229,0
1257,1,0.5197954546649473,False,1,0.9934379386376285,1
1258,1,0.4246958373479608,False,1,0.933745517273149,1
1259,1,0.4853180707878151,False,0,0.5784893739178613,0
1260,0,0.3141285380000444,False,0,0.9753930650391648,0
1261,1,0.2619052937552102,False,1,0.9684285955753501,1
1262,0,0.0878497462949239,False,0,0.9895601920954503,0
1263,1,0.3571529591344734,False,1,0.9924478503560699,1
1264,0,0.5154300262618537,True,1,0.516176022381992,1
1265,0,0.2942436016206987,False,0,0.9487250301964898,0
1266,0,0.7279274727337194,False,0,0.9652875688106668,1
1267,0,0.2969071542232955,False,0,0.9539758320137751,0
1268,1,0.4782934555295837,False,1,0.9920472065102744,1
1269,0,0.2010406774717251,False,0,0.9976180495399943,0
1270,0,0.2031038357880911,False,0,0.9929673180529861,0
1271,0,0.1774216870703576,False,0,0.8707639573868244,0
1272,1,0.1626726252884016,False,1,0.9861547810614962,1
1273,1,0.5048910498918533,False,1,0.9861174830969889,0
1274,1,0.0861265951832685,False,1,0.9898946058693376,1
1275,1,0.1424467474094666,False,1,0.9999836894783065,1
1276,1,0.656460370922434,False,0,0.6493506117338413,0
1277,1,0.4456017541758375,False,1,0.9977946368097153,1
1278,0,0.2278442274522206,False,0,0.9999063358380145,0
1279,1,0.3305956731964709,False,1,0.9997390607434541,0
1280,1,0.2466141108682925,False,1,0.9999575322339185,1
1281,1,0.4532949699444688,False,1,0.9537506049832096,1
1282,0,0.1628572105459124,False,0,0.9832621241451401,0
1283,1,0.1430309364252753,False,1,0.9991485796809528,1
1284,0,0.211451789382783,False,0,0.948193915872413,0
1285,0,0.4929839233931644,False,1,0.972242234924902,1
1286,1,0.0965895680542661,False,1,0.998647620758579,1
1287,0,0.4404105279824959,False,0,0.8771230698967433,0
1288,0,0.2648144536069057,False,0,0.9957753756907302,0
1289,1,0.1782390264016326,False,1,0.6398023551538888,1
1290,0,0.5068537372693329,False,0,0.8017454090554936,0
1291,1,0.1386217517487604,False,1,0.9996129948564478,1
1292,0,0.4472512064347911,False,1,0.9916402247727552,1
1293,0,0.4232678073316002,False,0,0.9809059582690112,0
1294,1,0.2748715025122262,False,1,0.9589654651690029,1
1295,1,0.7279691949620736,False,1,0.9090824954066228,1
1296,0,0.1099206287819061,False,0,0.9629446777555308,0
1297,1,0.1623079373897208,False,1,0.5919741134885256,0
1298,1,0.3728564430742252,False,1,0.9556882535207051,1
1299,0,0.5006207047650334,False,0,0.9952373822825586,0
1300,1,0.6097752021107155,False,1,0.9519418634585994,1
1301,0,0.5166388820992349,False,0,0.9880204795869848,0
1302,1,0.3920086105567679,False,1,0.9843330650364661,1
1303,1,0.5375129295220442,False,1,0.9179604884964782,1
1304,1,0.074178785117425,False,1,0.9976372868963966,1
1305,1,0.1450143420652131,False,1,0.9999345312224299,1
1306,0,0.0915331661737332,False,0,0.9866786436558002,0
1307,0,0.2911260318858003,False,1,0.7048673410726093,0
1308,0,0.3684860627886337,False,0,0.9100876694386003,0
1309,1,0.1206705484245332,False,1,0.9946886129194917,1
1310,1,0.3804895638539201,True,1,0.9767767567819573,1
1311,0,0.2651773288276895,False,1,0.8698339477150525,0
1312,1,0.2640930356911523,False,1,0.9848267513151228,1
1313,1,0.3253540995097456,False,1,0.9762350622602136,1
1314,1,0.2738685624812191,False,1,0.9929353902773894,1
1315,0,0.2548033156314185,False,0,0.7411206142015219,0
1316,1,0.0795326594216781,False,1,0.9542010388966772,1
1317,1,0.1116059868956251,False,1,0.9197513260932074,1
1318,0,0.0747236868387324,False,0,0.9908101369235166,0
1319,0,0.1573804201647235,False,0,0.9940695262805035,0
1320,0,0.4323047204188884,False,0,0.5072532602978322,0
1321,0,0.1449413713132744,False,1,0.9999295315559033,1
1322,1,0.2118498503812897,False,1,0.9260800321588883,1
1323,1,0.3367718758144185,False,1,0.9969425720601361,1
1324,1,0.2704768080250324,True,1,0.9999137381147201,1
1325,0,0.1896865893069857,False,0,0.9479581563207866,0
1326,1,0.3529471268975599,False,1,0.9354959915439066,1
1327,0,0.3295504097247852,False,0,0.99969922830174,0
1328,1,0.4415821005059132,False,1,0.998529786119277,1
1329,0,0.1774947388237959,False,0,0.9108978685308773,0
1330,0,0.1919053047259895,False,1,0.9425160093424118,1
1331,1,0.2682028570080314,False,1,0.9999555183351208,1
1332,0,0.1615588797726539,False,0,0.992046698626569,1
1333,1,0.0327734952371683,False,1,0.9953152842899478,1
1334,1,0.3416494088283553,False,1,0.9702740983780433,1
1335,1,0.5308424691555291,False,0,0.9982090561015153,1
1336,1,0.2442141068964109,False,1,0.9972883678033777,1
1337,0,0.2538987621438153,False,0,0.9417655572781979,0
1338,1,0.1733666071154737,False,1,0.9998966147308249,1
1339,0,0.5089116578521856,False,0,0.9992256961994034,0
1340,1,0.0559760042583991,False,1,0.8225845114332748,1
1341,0,0.482008178105232,False,1,0.9200893430470328,0
1342,0,0.4780527401747828,False,0,0.6841320074180564,0
1343,1,0.2592399565455306,False,1,0.7891955560559372,0
1344,0,0.1710226138327994,False,0,0.8135323013905803,0
1345,1,0.4088923273709859,False,1,0.9706716130567238,1
1346,1,0.3993375817450201,False,1,0.9999857145756923,1
1347,1,0.3019474031370182,False,1,0.8752342003435506,1
1348,1,0.0693926013499691,False,1,0.9427910208972405,0
1349,1,0.5553630846893428,False,1,0.9962489699199115,1
1350,0,0.2275787217504971,False,1,0.5682465902486683,0
1351,0,0.3477793999148419,False,0,0.9994155176284512,0
1352,0,0.050070913814725,False,1,0.6429979559249289,1
1353,1,0.0632836675405673,False,1,0.6409349198828793,0
1354,0,0.0854846359312639,False,0,0.9270726248333802,0
1355,0,0.3589755235283794,True,0,0.804555675522113,1
1356,0,0.4906340491163017,False,1,0.9999873722517174,1
1357,0,0.0619471839056338,False,0,0.8090902293482855,0
1358,0,0.2864324714822189,False,1,0.8227139644487146,0
1359,0,0.5257219338524263,False,1,0.9673253077181015,1
1360,0,0.0392920856908929,False,0,0.9341271039287181,0
1361,0,0.5448175179392334,False,1,0.883501647420094,0
1362,0,0.1848090812886777,False,0,0.9873819275979525,0
1363,0,0.5636143222415229,False,0,0.9999217119624801,0
1364,1,0.2067516260642948,False,0,0.9008550065496702,0
1365,0,0.3219546038689528,False,0,0.8563197432833787,0
1366,0,0.2466396899430787,False,0,0.9963297256773973,0
1367,0,0.1578847893459922,False,0,0.9923125671364011,0
1368,1,0.1477148648775063,False,1,0.9999052308298169,1
1369,1,0.2175761738711309,False,1,0.9964490166934038,1
1370,1,0.3203241594981383,False,1,0.6530874051417889,1
1371,0,0.4907146012374733,False,0,0.9996144488606514,0
1372,0,0.2199223722395668,False,0,0.9490508215738482,0
1373,0,0.5488107772533029,False,0,0.7290560895125502,1
1374,1,0.5079681896027742,False,1,0.9965097803792712,1
1375,1,0.3092507944269175,False,1,0.9019054635460273,1
1376,1,0.2613621785153968,False,1,0.9755298121376315,1
1377,1,0.3718408816126087,False,0,0.9936993498840792,1
1378,1,0.1064682462141303,False,0,0.6983802808699451,0
1379,1,0.1110236293235673,False,1,0.9271940900757346,1
1380,1,0.2204104021600263,False,1,0.9994905041033219,1
1381,0,0.2197400888539951,False,1,0.9994531721103135,1
1382,0,0.346341508632486,False,0,0.9996359696758058,0
1383,1,0.2208700553278383,False,1,0.9571091251982944,1
1384,0,0.5826562755494699,False,0,0.984756006772812,0
1385,0,0.0936843226598223,False,0,0.9528036261874728,0
1386,1,0.3186804669901977,False,1,0.8846348501181585,1
1387,0,0.2193523840703732,False,0,0.6765183726948659,0
1388,1,0.4898501725298389,False,1,0.9857924915237785,1
1389,1,0.6252492115212397,False,1,0.9702934397140929,1
1390,0,0.1192272093087235,False,1,0.6285294133006355,0
1391,1,0.0534987741892444,False,1,0.9138230843763309,1
1392,1,0.2023657044545768,False,1,0.9105196595526629,1
1393,1,0.2883722033251982,False,1,0.9999285224160637,1
1394,0,0.134066844640663,False,0,0.7796377041885673,0
1395,1,0.1978932177354574,False,1,0.863796766067944,1
1396,1,0.2269818050668043,False,1,0.7936628792777998,1
1397,1,0.4848495362174019,False,1,0.9998995558116154,1
1398,0,0.0951363320415975,False,0,0.9999581408936573,0
1399,0,0.1588316386381122,False,0,0.901029607558096,0
1400,1,0.173766387762905,False,1,0.9899970341167118,1
1401,0,0.3014738599834808,False,0,0.9906050337494497,0
1402,0,0.4694666522112132,False,0,0.9911520006705793,0
1403,0,0.2515898712863709,False,0,0.9601618605739041,0
1404,0,0.1925788461596814,False,0,0.9896859680610635,0
1405,0,0.0896940579294344,False,0,0.9785430487302731,0
1406,0,0.2920066589831183,False,0,0.9142067414975662,1
1407,1,0.1946215011906265,False,1,0.9999535650123996,1
1408,0,0.1455222385202104,False,0,0.529297845575155,0
1409,0,0.1916839435582812,False,0,0.9894814429682929,0
1410,0,0.1500448571561875,False,0,0.9996740812192774,0
1411,1,0.134481190750256,False,1,0.9964161673733551,1
1412,0,0.1640960708900888,False,0,0.998986801730496,0
1413,1,0.1916724475569609,False,1,0.9993490046056933,1
1414,1,0.16556168238982,False,0,0.6050635270231486,1
1415,1,0.4122350428864075,False,1,0.9247636760096746,1
1416,1,0.2422658599309184,False,1,0.827664683327711,1
1417,0,0.0956115501423205,False,0,0.9027403213439794,0
1418,1,0.124572633224313,False,1,0.9846395239726754,1
1419,0,0.1396271678495125,False,0,0.9950317708203409,0
1420,1,0.8610692421008007,False,1,0.9002894389248259,0
1421,1,0.1907048696731546,False,1,0.9737867820024744,1
1422,1,0.2616667048115892,False,1,0.9861524497473639,1
1423,1,0.0507762919881248,False,0,0.7701855818004987,1
1424,0,0.2007680935477572,False,0,0.6346090551189141,1
1425,1,0.527411706858777,False,1,0.6749475775390594,1
1426,1,0.1676897817031116,False,1,0.9926389626070105,1
1427,1,0.5164667463061182,False,1,0.9997005130824914,1
1428,0,0.1258439578941383,False,1,0.9904768761291104,0
1429,1,0.2482208435751511,False,1,0.9993427489643429,1
1430,0,0.2643983056605159,False,0,0.9996050288367059,0
1431,0,0.1535565345073125,False,0,0.9169783297594211,0
1432,0,0.2746073696624459,False,0,0.9903651285709305,0
1433,1,0.4032299537037013,False,1,0.9264495486926559,1
1434,0,0.4156599436005552,False,1,0.530179085888951,0
1435,0,0.5610186165986416,False,0,0.862430585020304,0
1436,0,0.2373275630210462,False,0,0.9917442512670744,0
1437,1,0.4340055939175807,False,1,0.7307710426023716,1
1438,0,0.1734306443941765,False,0,0.9985762240352867,0
1439,1,0.5977068272798596,False,1,0.9986364380326873,1
1440,1,0.1241524715338629,False,1,0.9999879610054119,1
1441,1,0.3769106894064031,False,1,0.9546723208927477,1
1442,1,0.2062530973917829,False,1,0.999751155806333,1
1443,0,0.155466240916269,False,0,0.9312275794692445,0
1444,0,0.1076262615985873,False,0,0.9999779520964293,0
1445,0,0.4327488109985725,False,0,0.9230487427613786,0
1446,1,0.1112157564246882,False,1,0.9713750653197087,1
1447,1,0.4670331865790637,False,1,0.9265629454094932,1
1448,1,0.3987630274804057,False,1,0.9625813936166843,1
1449,0,0.2571649981752076,False,0,0.6328667310672016,0
1450,0,0.5845945367453204,False,0,0.9649391925431621,0
1451,0,0.4072334393534816,False,0,0.9770220501613628,0
1452,0,0.0590423307087332,False,0,0.9990748145851336,0
1453,0,0.3108723545846684,False,1,0.7203929445377679,1
1454,1,0.3815481166096633,False,1,0.9145742916574754,1
1455,0,0.2031815581236072,False,0,0.9998753680032815,0
1456,1,0.2655345251702556,False,0,0.9888745132653007,0
1457,0,0.3456757316248253,False,1,0.8897419713078344,1
1458,0,0.2490626229941237,False,0,0.9903171738780241,0
1459,1,0.1762986020473837,False,1,0.9998908562157766,1
1460,1,0.1132652713407856,False,1,0.9999990210674086,1
1461,0,0.5666199203231045,False,0,0.9993227673747932,0
1462,0,0.2236599208138648,False,1,0.6783973555870729,0
1463,0,0.361354601257921,False,0,0.7765279131278873,1
1464,1,0.2055152614925485,False,0,0.9891553163553706,0
1465,0,0.444288265640185,False,0,0.9662876466291642,1
1466,1,0.2399256027660796,False,1,0.6097796651064022,1
1467,0,0.4852868886952771,False,0,0.9966772241343216,0
1468,1,0.3010242598919561,False,1,0.8384283054866861,1
1469,0,0.0560707325390334,True,0,0.5180142230086269,0
1470,1,0.1570902165972694,False,1,0.9999994706012361,1
1471,1,0.2732427727121851,False,1,0.8208847003844907,1
1472,0,0.2633454653805759,False,0,0.9520301622984859,0
1473,0,0.4549597583539002,False,0,0.9701160220443149,0
1474,1,0.4358109475517333,False,1,0.8693895083995123,1
1475,0,0.3039902965934162,False,0,0.9582595182053143,0
1476,0,0.1958791138286422,False,0,0.9964368091801233,0
1477,0,0.0842627145514656,False,1,0.6294805785667187,0
1478,0,0.1491121800801565,False,0,0.9950273729384472,0
1479,0,0.1689657274508211,False,0,0.7371442011429431,0
1480,0,0.1944637486951389,False,0,0.997036858437153,0
1481,0,0.2236252885441393,False,0,0.9806098259434786,0
1482,0,0.1215997507756339,False,0,0.6397795230866725,0
1483,0,0.2934594063077536,False,0,0.9688428174203766,0
1484,0,0.0720197041260592,False,1,0.7931564185324927,0
1485,1,0.1315424236996616,False,0,0.606751300701184,0
1486,0,0.235979383980666,False,0,0.9986434753282528,0
1487,0,0.1255224554119973,False,0,0.9873116944902365,0
1488,0,0.0808987693989615,False,0,0.9093672869209144,0
1489,1,0.5684943285586916,False,1,0.9979310397979095,1
1490,0,0.3162478767938375,False,0,0.9999995546228481,0
1491,0,0.1734443870206096,False,0,0.791403589631348,0
1492,0,0.4052755205886068,False,1,0.887884897623994,1
1493,0,0.4149785736241234,False,0,0.9903383300512503,0
1494,0,0.2626294158772881,False,1,0.995039994474538,1
1495,0,0.4274929306631608,False,1,0.9854967888821853,1
1496,1,0.1401396131113224,False,1,0.925232095527095,1
1497,1,0.2644343816624172,False,0,0.9988153065628648,0
1498,0,0.4316168404600029,False,0,0.9667989279512296,0
1499,1,0.1946381400214293,False,1,0.953148057021564,1
1500,1,0.5566208702969193,False,1,0.9950180784669336,1
1501,0,0.1894020969477737,False,0,0.9965689500832485,0
1502,0,0.2078370591770535,False,0,0.9638033968852033,0
1503,0,0.1738396874572404,False,0,0.9999304093557199,0
1504,1,0.2116513599702924,False,1,0.9560402317628436,1
1505,0,0.1093768513570365,False,0,0.6811238109269038,0
1506,1,0.3031850902042757,False,1,0.8210357250625963,0
1507,0,0.3687673207773242,False,0,0.8123256828685878,0
1508,1,0.1935586138560112,False,1,0.927678317173638,1
1509,1,0.5839653477383812,False,1,0.9999571332458186,1
1510,0,0.3444756316726876,False,0,0.9996120449154562,0
1511,0,0.0422050121788268,False,0,0.9968298810371505,0
1512,1,0.2485068878126954,False,1,0.9133904759531931,1
1513,0,0.5610408080887077,False,0,0.9515617867369897,0
1514,0,0.1479300433786724,False,0,0.9522554305559856,0
1515,1,0.060744633160264,False,1,0.9901433231508355,1
1516,0,0.5409321130872642,False,1,0.8457982267709183,1
1517,0,0.2801844838817588,False,0,0.8651297681975273,0
1518,0,0.3318874508818104,False,0,0.9988145714126052,0
1519,0,0.0669405021875896,False,0,0.9957059721111118,0
1520,1,0.3380489520421971,True,1,0.9664373999654355,1
1521,1,0.1932653082063113,False,1,0.6883509588110897,1
1522,0,0.2419107565116021,False,1,0.6913659979643852,0
1523,0,0.5763287849548937,False,0,0.7804776172081328,0
1524,1,0.189700405360198,True,1,0.9204685014798958,1
1525,0,0.3325188951680665,False,0,0.969244478761912,0
1526,0,0.3124720705471105,False,0,0.7884195383699635,0
1527,0,0.4602811103098881,False,0,0.9803513263301529,0
1528,0,0.1180204095753922,False,0,0.9936936722983906,0
1529,1,0.2251997648597824,False,1,0.8950518824008963,1
1530,0,0.0609885982222614,False,0,0.6077877853468239,0
1531,0,0.2152545273791623,False,0,0.9792113614743527,0
1532,1,0.2591876771595089,False,1,0.9843301041850042,0
1533,0,0.3025375980986328,True,0,0.9982809066996948,0
1534,1,0.2067059736535564,False,1,0.9888902835473237,1
1535,0,0.2568917239942675,False,0,0.9892591476648999,1
1536,0,0.4358362874272405,False,0,0.9980618118397738,0
1537,0,0.1756406926133935,False,0,0.9993773812934941,0
1538,1,0.0864172704107196,False,1,0.9991399390436275,1
1539,1,0.1564168511144292,False,1,0.613091723576172,1
1540,0,0.3030491616572024,False,1,0.9952706330498049,1
1541,0,0.1621130358189089,False,0,0.9069378257877481,0
1542,0,0.2727372511300923,False,0,0.7716752490337082,0
1543,1,0.2146786386795546,False,1,0.9968646337628001,1
1544,0,0.4508279716986138,True,1,0.9618557783973449,1
1545,1,0.2659281604399925,False,1,0.9999995916032316,1
1546,1,0.3636319780385137,False,1,0.8247501472756757,0
1547,1,0.5369871732012245,False,1,0.999447587503887,0
1548,0,0.117589606455035,False,0,0.9770280882653078,0
1549,0,0.2408482772913787,False,0,0.8864689140369417,0
1550,0,0.2904723886809208,False,0,0.8818846108629649,0
1551,1,0.2875128334124565,False,1,0.9999741508044249,1
1552,1,0.2754660442163311,False,0,0.7195567630803703,0
1553,1,0.0813080196805605,False,1,0.9793819525503354,1
1554,0,0.1762805814812866,False,1,0.9196482982446902,1
1555,0,0.3682738630476329,False,0,0.9954103610014942,0
1556,1,0.1117435904603464,False,1,0.9446650290024043,1
1557,1,0.3952905460526702,False,1,0.9870412199760576,1
1558,1,0.3559836086444061,False,1,0.9994054369441198,1
1559,1,0.1995505725914079,False,1,0.8811057461089751,1
1560,0,0.2699380288666523,False,0,0.9887320291007696,0
1561,0,0.2346275176745936,False,0,0.9929966413296298,0
1562,0,0.3001031647184264,False,0,0.9558362551187415,0
1563,1,0.1086281845778107,False,1,0.9984324395020183,1
1564,1,0.297220358353234,False,1,0.9465878932935632,1
1565,0,0.3726748185351877,False,0,0.9186296804191023,0
1566,1,0.2932382579030976,False,0,0.8412393398731712,0
1567,1,0.2283722041285596,False,1,0.9221770513185886,1
1568,1,0.2760874272891694,False,1,0.9279907364750003,1
1569,1,0.2458929535058751,False,0,0.79281847956828,1
1570,0,0.4928057317168262,False,0,0.9192725818073489,0
1571,0,0.2704567579229722,False,0,0.9486795123966525,0
1572,1,0.2727166141635703,True,1,0.9168106652250393,1
1573,1,0.3997591730117084,False,1,0.9432463504854468,1
1574,0,0.1514120581112509,False,0,0.9940993627266322,0
1575,0,0.1950336055159162,False,0,0.989045547632276,0
1576,1,0.2184258837397466,False,1,0.972741214965174,0
1577,1,0.5282400274579102,False,1,0.8387762864248774,0
1578,0,0.2962253008039041,False,0,0.9978773086332808,0
1579,1,0.2212272447012081,False,1,0.9993362164478453,1
1580,0,0.1857131267114656,False,0,0.9827373341554358,0
1581,0,0.1890094774130355,False,0,0.9757331780069479,0
1582,1,0.1270328353391425,False,1,0.999999143926373,1
1583,0,0.2914372514761775,False,0,0.9127853916940439,0
1584,1,0.2625246220300516,False,1,0.6976429426297549,1
1585,0,0.0813558736495944,False,1,0.503153967711997,0
1586,1,0.5265805398767786,False,0,0.9897749195795451,0
1587,0,0.226476856792011,False,0,0.8366342527676189,0
1588,1,0.4117341820120272,False,1,0.9702978457360006,1
1589,0,0.1932837798020713,False,0,0.8156571872907351,0
1590,1,0.3596176587740096,True,1,0.61874878975788,1
1591,0,0.0561026337759629,False,0,0.9832662424708665,0
1592,0,0.3694140160919876,False,0,0.9105836708807281,0
1593,0,0.3860146348473036,False,1,0.839573841827588,1
1594,1,0.1653519401852828,False,0,0.816690628068188,1
1595,0,0.1317426906468964,False,0,0.957303870103562,0
1596,1,0.235785469436932,False,0,0.9908789868245945,0
1597,1,0.3028277984051723,False,1,0.5076039215935342,0
1598,1,0.1911378859644166,False,1,0.9680445347040372,1
1599,1,0.0526561218762115,False,1,0.8981246181177132,1
1600,0,0.1810706047024816,False,0,0.9442580633329671,0
1601,1,0.2226782453701685,False,1,0.9648348311548091,1
1602,1,0.2591856498359095,False,0,0.8995099269143292,0
1603,0,0.3198967901054297,False,0,0.8874010387492165,0
1604,0,0.3998198869047001,False,1,0.7590354933748028,0
1605,1,0.6066298001609597,False,1,0.9872175099957308,1
1606,0,0.2755945352301895,False,0,0.9985588337817198,0
1607,1,0.4028121043490069,False,0,0.5391045344037756,0
1608,0,0.1288055623869118,False,0,0.9627783345805303,0
1609,0,0.1048334896595577,False,0,0.9922612862713274,0
1610,1,0.4698686149474643,False,0,0.936956381317531,0
1611,0,0.148387395819719,False,1,0.9513103799357648,1
1612,1,0.3866340052729439,False,1,0.8056105793295462,1
1613,1,0.027264846866442,False,1,0.9604903984749662,1
1614,0,0.4918714970204722,False,1,0.84945863371554,0
1615,0,0.0749724721961042,False,0,0.9989610333240769,0
1616,1,0.4512624000888989,False,1,0.9930028160032373,1
1617,1,0.2282912370672075,False,1,0.999528464457512,1
1618,0,0.37765254762226,False,1,0.87787436287651,0
1619,1,0.2692845597666664,False,0,0.6525192598348466,0
1620,0,0.2939920249345384,False,0,0.9947598991055603,0
1621,0,0.1938745953336028,False,0,0.9346482727398003,0
1622,1,0.3601099256810655,False,0,0.5275691479577963,0
1623,0,0.576852496240368,False,0,0.8296510216349318,0
1624,1,0.396814135675802,False,1,0.9364072730874747,1
1625,1,0.1739373461577298,False,1,0.8791807388799411,1
1626,1,0.3759543856355379,False,1,0.8293364362166398,1
1627,1,0.1314730018447438,False,1,0.9890022835155587,1
1628,0,0.1345760287671598,False,1,0.9358415006818932,1
1629,0,0.2320217660914547,False,0,0.99806432155269,0
1630,1,0.2214955030189749,False,1,0.9134627471624153,1
1631,1,0.2543486947269937,False,1,0.7320676528015951,0
1632,0,0.3000262814701066,False,0,0.9973750071609073,0
1633,1,0.4074451974535772,True,1,0.9791414140319992,1
1634,0,0.2762824039744037,False,0,0.9201533454354047,0
1635,1,0.4397805330725916,False,1,0.8772677284381611,0
1636,0,0.5964953674874905,False,1,0.8674144070854027,1
1637,1,0.4449323754759303,False,1,0.999990808995938,1
1638,0,0.3327517753288364,False,0,0.792834314264553,0
1639,0,0.2557375881332267,False,0,0.9973740485323274,0
1640,1,0.5274463842181656,False,1,0.9822010780050398,1
1641,0,0.2715639710565759,False,0,0.9999504730563794,0
1642,0,0.3486018139674283,False,1,0.9440646326406578,1
1643,1,0.4485564690917911,False,1,0.9600222445459314,1
1644,0,0.2018262287924998,False,0,0.9790267195895435,0
1645,0,0.0712560701994675,False,0,0.9677188253217923,0
1646,0,0.286722765691925,False,1,0.6580383828609243,0
1647,1,0.3527048433055007,False,1,0.9998950545113531,1
1648,1,0.2615505724782333,False,1,0.8977634531137536,1
1649,1,0.6433121964147723,False,1,0.8694422341984899,1
1650,0,0.285099793684267,False,0,0.9205667662539622,0
1651,0,0.4301568998822709,False,0,0.9941972082084695,0
1652,0,0.3314156863395671,False,0,0.9999117537941115,0
1653,1,0.0821345581450726,False,1,0.9999007540671253,1
1654,0,0.0777364957423855,False,0,0.9939662041133603,0
1655,0,0.5235148855029523,False,1,0.9544742973010704,1
1656,1,0.2995596696924222,False,0,0.8243129697588002,0
1657,1,0.2433044331049502,False,1,0.9840143848873036,1
1658,1,0.2645783458626337,False,1,0.9999709012636584,1
1659,0,0.1990460478835828,False,1,0.9977267338543475,1
1660,1,0.4696419684188243,False,1,0.9997334120454904,1
1661,1,0.4330867621601756,False,0,0.9395161622967001,0
1662,0,0.1965668141956791,False,0,0.900724326884594,0
1663,1,0.3396111226986719,False,1,0.9653852018445309,1
1664,1,0.4948474892471534,False,1,0.8020095692882758,1
1665,0,0.3139446076390381,False,0,0.98717648423216,0
1666,1,0.0978703654215074,False,1,0.897003105469582,1
1667,1,0.306761108092667,False,1,0.9043114287408448,1
1668,1,0.1864950494187053,True,1,0.9999996921041616,1
1669,1,0.5076079567341106,False,1,0.9999227901377999,1
1670,1,0.5113009885675063,False,1,0.8443496882130362,1
1671,1,0.4424083406034761,False,1,0.9875737530902959,1
1672,0,0.2935522983325613,False,0,0.9638843795992433,0
1673,1,0.2332989270676527,False,0,0.6210617844997577,1
1674,1,0.5925104421124822,False,0,0.9418659417909918,0
1675,1,0.0601848313218909,False,1,0.9805582816960675,1
1676,0,0.184589187868188,False,0,0.9500195099824487,0
1677,0,0.2862347714866224,False,0,0.999318452730839,0
1678,1,0.3727702885378492,False,0,0.6713664983418077,1
1679,1,0.2563140424310478,False,1,0.9987656166791523,1
1680,1,0.3159842234014885,False,1,0.999654686745027,1
1681,0,0.0935550710621536,False,0,0.778582849634157,0
1682,0,0.2614628722322509,False,0,0.9541068574201873,0
1683,1,0.6132135114182079,False,0,0.6543596261707014,1
1684,0,0.5625398738410241,False,0,0.9960704126415308,0
1685,1,0.35367989980221,False,1,0.9911351632555783,1
1686,0,0.1240319130158614,False,0,0.9299979144458264,0
1687,0,0.1971940986899996,False,0,0.9903162002249997,0
1688,1,0.1627705446582975,False,1,0.9988553517733851,1
1689,0,0.3065987361084657,False,0,0.9964996185126286,0
1690,1,0.1845600726468081,False,1,0.8828342608934778,1
1691,1,0.1003591912867827,False,0,0.5712442071988604,1
1692,1,0.287837112173756,False,0,0.5163591069515612,0
1693,0,0.5507183386207232,False,0,0.9811681731910286,0
1694,0,0.1099732679247627,False,0,0.9997018911320826,0
1695,1,0.424889249603624,False,1,0.918060658131312,1
1696,0,0.3067940471441934,False,0,0.9616046520076114,0
1697,0,0.5642370024556095,False,0,0.9213621039276354,0
1698,0,0.1029200403784398,False,0,0.9057838584321142,0
1699,1,0.2554897858351568,False,1,0.9925950713601285,1
1700,0,0.5077073977678382,True,0,0.9497355558875687,0
1701,0,0.3780374740572679,False,0,0.8682098186857256,0
1702,1,0.3207600847309711,False,1,0.9624109980941007,0
1703,0,0.199522137750531,False,1,0.5382493728250777,1
1704,1,0.5884279008208291,False,1,0.9707070287308455,1
1705,1,0.3533438237136542,False,0,0.9494989354229245,0
1706,1,0.4294339197020823,False,1,0.7151311536090446,1
1707,1,0.5003193353390223,False,1,0.5503803682162204,0
1708,0,0.3689357865525092,False,0,0.9974665113075197,0
1709,0,0.5011708966743733,True,0,0.9834195338681203,0
1710,0,0.2741064077823934,False,0,0.7696927167329537,0
1711,0,0.5089219711097918,False,0,0.9967879827433742,1
1712,1,0.0654135922119655,False,1,0.8892521848752114,1
1713,1,0.5416570391036943,False,1,0.8957993318343788,1
1714,1,0.1084420793020019,False,0,0.5977916494555671,0
1715,1,0.2690176772743315,False,1,0.9482276107184219,1
1716,1,0.6714505310284375,False,1,0.9999699537690399,1
1717,0,0.1578774712098207,False,0,0.9712582438708915,0
1718,0,0.5502666014077278,False,0,0.9807894384399766,0
1719,1,0.214163556980826,False,1,0.997593827642617,1
1720,0,0.1567063326072272,False,0,0.9248742484969014,0
1721,1,0.2865679169141988,True,1,0.9518393937825665,1
1722,1,0.319940161563465,False,1,0.9999737129997914,1
1723,1,0.2966880727326032,False,1,0.9720686804578601,1
1724,1,0.1482715129585134,False,1,0.8266926044449651,1
1725,1,0.4127975267334736,False,1,0.9986293208411177,1
1726,1,0.2367345980760681,False,1,0.9983152483223285,1
1727,1,0.215952395241622,False,1,0.999996846255948,1
1728,0,0.4537991509394592,False,0,0.999969111028549,0
1729,0,0.5577962340734803,False,0,0.8486481492253816,1
1730,1,0.4176915628803285,False,1,0.6556704973624387,0
1731,1,0.1856058121071143,False,1,0.9338551888439757,1
1732,1,0.4694456261593743,False,0,0.9077891613439426,0
1733,1,0.1324133184203468,False,1,0.9804592892554486,1
1734,1,0.0819041215483762,False,1,0.7880835717815952,1
1735,1,0.0894241232377625,False,0,0.9669651029771269,0
1736,1,0.140041755672598,False,1,0.9911326561431563,1
1737,0,0.3269886157366303,False,0,0.9957904084403935,1
1738,0,0.4697494772701852,False,0,0.9994582532260126,0
1739,0,0.17697272090486,False,0,0.9862933733919155,0
1740,0,0.472109857103054,False,0,0.8118679003161041,0
1741,1,0.0536890934762606,False,1,0.9235686656390094,1
1742,0,0.4080316479890009,False,0,0.6865119406890982,1
1743,0,0.1740862691366849,False,0,0.9021459663378777,0
1744,0,0.2244842038278317,False,0,0.9282611724463421,0
1745,1,0.2723476138407119,False,1,0.9255181752163038,0
1746,1,0.3024413853659942,False,1,0.9355963373174159,1
1747,0,0.3164331237740721,False,0,0.9634618932391845,0
1748,1,0.1366853586810289,False,1,0.7669771001714094,1
1749,1,0.2874125719879194,False,1,0.8857751687225555,0
1750,1,0.1521038201591082,False,1,0.9984533190052136,1
1751,1,0.0877189789816573,False,1,0.9999153926999864,1
1752,1,0.2958377174562188,False,1,0.5419877287943181,0
1753,0,0.2685990314432937,False,0,0.9182661473318798,0
1754,1,0.0686973510798233,False,1,0.9952424486157931,1
1755,0,0.1379171427568242,False,0,0.8889233256942264,0
1756,0,0.0651364635693636,False,0,0.9893702167063634,0
1757,1,0.5326662292935297,False,1,0.9933246420369575,1
1758,1,0.0981080964265495,False,1,0.9994856370141753,1
1759,1,0.2720679343455522,False,1,0.9988345498360683,1
1760,0,0.2560639391701059,False,1,0.9938010823045307,0
1761,0,0.4979401906142801,False,0,0.753166839633862,0
1762,0,0.0459413592442556,False,0,0.5793179833800178,0
1763,1,0.554826917894814,False,0,0.6958202422288804,1
1764,1,0.4329908298729127,False,1,0.8571102561462732,0
1765,1,0.3270398555102674,False,1,0.9608558847899523,1
1766,1,0.3360979738199209,False,1,0.9510220964273168,0
1767,0,0.318276588391075,False,0,0.8281451364399981,0
1768,0,0.1072133190067758,False,0,0.7323414595168656,0
1769,0,0.2658568382565144,False,1,0.7315555408710875,0
1770,0,0.3947940983186228,False,0,0.950797929801228,0
1771,0,0.3896411820652651,False,0,0.998058452720445,0
1772,0,0.2557212341709215,False,0,0.9399385764943222,0
1773,0,0.2136607545669228,False,0,0.602511670178689,1
1774,1,0.2054496997992001,False,0,0.7810637191836546,0
1775,0,0.0568800004034169,False,1,0.9985967131390283,0
1776,0,0.3446246756169921,False,0,0.9692968846493232,0
1777,0,0.0995214884530882,False,1,0.9861191014463654,1
1778,0,0.1521201708232326,False,0,0.9998491708178878,0
1779,1,0.0376524640999464,False,1,0.6809868435735497,1
1780,0,0.1120567246115394,False,0,0.9665487132821854,0
1781,0,0.1779543838135761,False,0,0.9991966277610879,0
1782,0,0.0850902359946902,False,0,0.9999722748216853,0
1783,1,0.5009942156088779,False,1,0.9263828640119015,0
1784,1,0.0437401562937307,False,1,0.9799302123136249,1
1785,0,0.1798558273604379,False,0,0.8875763498445435,0
1786,0,0.1022589253604424,False,0,0.9674551101080001,0
1787,0,0.2359152203367749,False,0,0.9790614381646074,0
1788,0,0.3258188917672185,False,0,0.8937222580318571,0
1789,1,0.2668966333866512,False,1,0.9974659480197785,1
1790,1,0.3795379597488886,False,0,0.9983104154750917,0
1791,1,0.5576565754809852,False,1,0.9996032608801952,1
1792,0,0.0452266202216836,False,0,0.9999686967091529,0
1793,0,0.2845959296778845,False,0,0.8097838952040813,0
1794,0,0.5812525177616716,False,0,0.7079019442724414,0
1795,0,0.1198791274806977,False,0,0.9875305289373264,0
1796,1,0.1808993603898495,False,1,0.935422360753606,1
1797,0,0.1796012181349476,False,0,0.816691546971228,0
1798,0,0.2606677987801495,False,1,0.7910866887177349,1
1799,1,0.1360842071921734,False,1,0.9999998822599946,1
1800,0,0.3051235376385552,False,0,0.9821961072165148,0
1801,0,0.2504776987956237,False,0,0.9991090791530018,0
1802,0,0.4050483598968526,False,0,0.9687028168370514,0
1803,0,0.2730818020626403,True,1,0.9513520272520017,1
1804,0,0.5982255296093778,False,0,0.9998199854556248,0
1805,0,0.1370903553632588,False,0,0.9870168667597675,0
1806,0,0.5155834880724531,False,1,0.934126256836887,1
1807,0,0.0834883515224742,False,0,0.9999877593294714,0
1808,0,0.1477202756677177,False,0,0.9901591716977366,0
1809,1,0.3419687937088217,False,1,0.9809718477372119,1
1810,0,0.1413299800977771,False,0,0.9897433399700777,0
1811,1,0.3171899707349489,False,1,0.9238502968188792,0
1812,1,0.1731001490957346,False,1,0.991545005513112,1
1813,0,0.0913409892504346,False,0,0.9279502471272627,0
1814,1,0.2658238361235649,False,0,0.6953934562333494,0
1815,0,0.0817335947349778,False,0,0.8281712491698918,0
1816,0,0.2067751411460874,False,0,0.9951788325291924,0
1817,0,0.1907736585866729,False,0,0.9928319339247781,0
1818,0,0.484833409502867,False,0,0.5683561517445064,1
1819,0,0.253179560058904,False,0,0.9609142449642486,0
1820,0,0.5057379713406828,False,0,0.9163724002824044,0
1821,1,0.1492179224365971,False,1,0.8023228772843535,0
1822,0,0.5591904981683342,False,0,0.5579996235061034,0
1823,1,0.3308256565109497,False,1,0.9997913563644789,1
1824,1,0.1608362102370469,False,1,0.9966980831392837,1
1825,1,0.1659339127002871,False,1,0.9990736795955655,1
1826,0,0.2724809407312717,False,0,0.9911135081431699,0
1827,1,0.3637344564589722,False,1,0.8156864428886004,0
1828,1,0.1265633884348338,True,1,0.9974486894559867,1
1829,1,0.5270255597153674,False,1,0.9275229692946837,0
1830,0,0.1045766635246662,False,0,0.9991784671218924,0
1831,1,0.0659343882626367,False,1,0.9310297765335119,1
1832,1,0.1473731414965748,False,1,0.967522169965233,0
1833,0,0.6174183510966746,False,0,0.9511324418969838,0
1834,0,0.1991809504432987,False,0,0.8705859766292995,0
1835,0,0.2268319196027684,False,1,0.9916722352215035,1
1836,1,0.4178077176677736,False,1,0.9935826829807113,1
1837,0,0.2590367690526693,False,0,0.9015396564933671,0
1838,0,0.4921967760296343,False,1,0.9957007701412957,1
1839,1,0.1267115418500939,False,1,0.7950203772581925,0
1840,0,0.4826716450748151,False,0,0.8752915666891519,0
1841,0,0.3436554772589683,False,1,0.7406462563570139,0
1842,1,0.009571012108475,False,1,0.9598950190989244,1
1843,1,0.306357700825319,False,1,0.9999579344078204,1
1844,1,0.1898144311049313,False,1,0.9177571615236932,1
1845,1,0.273382228134708,False,1,0.9834814970741975,1
1846,0,0.1192260740661067,False,0,0.9970636133330392,0
1847,1,0.4590130807977,False,1,0.9626806825765091,1
1848,1,0.5559749583333204,False,0,0.7255548722859557,0
1849,0,0.1348285258238128,False,0,0.9915622192894599,0
1850,0,0.361194301335466,False,0,0.9999775568100645,0
1851,0,0.2544382886290111,False,1,0.6843669580326496,1
1852,0,0.172664065903784,False,0,0.9490444310430672,0
1853,0,0.2731054760265914,False,0,0.9999707310538402,0
1854,0,0.2689508725431878,False,0,0.8782908764091084,0
1855,1,0.2010641317494318,False,0,0.9992306522750621,0
1856,0,0.4770538082529993,False,0,0.9969129999459632,0
1857,1,0.2757748046078715,False,1,0.9889980463688265,1
1858,1,0.3877860909528263,False,1,0.968698000659805,1
1859,1,0.3037350001890127,False,1,0.9953284740154231,1
1860,1,0.1542904964019108,False,0,0.8382000740117209,0
1861,0,0.3486779156018381,False,1,0.6173865081930832,1
1862,1,0.2446690967413744,False,0,0.6518042147157357,0
1863,0,0.5351648370365738,False,0,0.690931787142579,0
1864,1,0.4062491676239954,False,1,0.9514562463461174,1
1865,0,0.6413951273827284,False,0,0.9872603578168537,0
1866,0,0.55443809141876,False,1,0.9765631074678351,1
1867,1,0.1709262491840375,False,1,0.9983099054927241,1
1868,0,0.1428601156272352,False,0,0.9893674654061182,0
1869,1,0.0677746071454743,False,1,0.9754679752472298,1
1870,0,0.1519107910882366,False,1,0.9989149129409888,0
1871,0,0.2961042517366174,False,0,0.9889821649547091,0
1872,1,0.2753991492741147,False,1,0.9587079772552564,1
1873,1,0.105723826672072,False,1,0.9992861979391406,1
1874,0,0.284591954070912,False,0,0.9286904978907881,0
1875,0,0.3110511677755171,False,0,0.6316336534553686,0
1876,0,0.2634291296366763,False,0,0.9989476245056187,0
1877,1,0.1427963533264907,False,1,0.7322721866220063,1
1878,1,0.4823800025176639,False,1,0.9972007117687007,1
1879,0,0.2486744050872292,False,0,0.9289422989070467,0
1880,0,0.2231421101033467,False,0,0.9971991806236121,0
1881,0,0.1235306449216649,False,0,0.9987485709751982,0
1882,0,0.6707508064002341,False,0,0.9971982525975036,0
1883,1,0.3327920358748478,False,0,0.719313322373288,1
1884,1,0.1572255577859079,False,1,0.8965420486764447,1
1885,0,0.27297850084133,False,0,0.9999166343658529,0
1886,1,0.332316147898867,False,1,0.9654388664283757,1
1887,0,0.249755983175862,False,0,0.9978315567233086,0
1888,0,0.3576204127079549,False,0,0.9833912291267581,0
1889,0,0.1349036653962029,False,0,0.9940359389805954,0
1890,0,0.186339492693454,False,0,0.8867424795739935,0
1891,0,0.3254878624658934,False,0,0.9693606520848809,0
1892,1,0.5099318521785945,False,0,0.6713547111386086,0
1893,1,0.172787472685223,False,1,0.9300910190677985,1
1894,0,0.3141647645687604,False,0,0.9960699491590511,0
1895,1,0.389302799506459,False,0,0.5040045629360056,0
1896,1,0.2872471227228017,True,1,0.9903573209947858,1
1897,1,0.1171872195018217,False,1,0.8613468996114307,1
1898,1,0.7328807932229028,False,1,0.5168091353739404,0
1899,0,0.1345683829932145,False,1,0.5949395844692738,0
1900,1,0.2874989265822697,False,1,0.9147922330856707,1
1901,1,0.1526200447559988,False,1,0.9317376075282251,0
1902,1,0.2401953843243857,False,1,0.9989283756629522,1
1903,0,0.2503851879368407,False,0,0.8625117398931094,1
1904,0,0.120333201836775,False,1,0.7056041496997767,1
1905,0,0.1013360962156231,False,0,0.803180592155208,0
1906,0,0.1840745204525317,False,0,0.9983899946704596,0
1907,0,0.2385393332704983,False,0,0.9999997442509841,0
1908,0,0.4430606863718078,False,1,0.7087884368501004,1
1909,1,0.1472702544819477,False,1,0.9515179308884131,0
1910,0,0.2210471028423888,False,1,0.5254535431765506,0
1911,1,0.2049029923776445,False,1,0.9774482780229877,1
1912,0,0.2728548927872483,False,0,0.993709325602416,0
1913,1,0.4670532080335549,False,0,0.6383942910745466,0
1914,0,0.3533116264773717,False,0,0.9900913841557845,0
1915,1,0.2043936197108952,False,1,0.9632500439123919,1
1916,0,0.4026458474434652,False,1,0.56673670885804,0
1917,0,0.0874975246625898,False,0,0.9972590513352124,0
1918,0,0.195431260852489,False,1,0.7994627375271585,1
1919,1,0.3657951936461877,False,0,0.9975043234680899,0
1920,0,0.3385388232674656,False,0,0.9988006925591905,0
1921,1,0.1902217750019458,False,1,0.9969505966149499,1
1922,1,0.1865278187151407,False,1,0.7343255809988475,1
1923,0,0.083999841015611,False,0,0.660184798970302,1
1924,0,0.2669250182063301,False,0,0.9185949479351875,0
1925,0,0.1100017757428811,False,0,0.9977899142607507,0
1926,0,0.1423911690430821,False,1,0.965623765012896,1
1927,0,0.277772331120641,False,0,0.9623285867229235,0
1928,0,0.6236029450872055,False,0,0.9813226320442466,0
1929,1,0.3252071644786936,False,1,0.8546472757614592,1
1930,0,0.2744571540139887,False,0,0.9941382617805948,0
1931,0,0.0567473292882599,False,0,0.8856693432768509,0
1932,1,0.2007399978490714,False,1,0.83364184417107,1
1933,1,0.6653082915560335,False,1,0.6334347191571396,1
1934,0,0.2392947763462196,False,0,0.9999268192529897,0
1935,0,0.4258200938941614,False,0,0.9663763279722358,0
1936,0,0.2756834634840527,False,1,0.5439397977602417,0
1937,1,0.3287888081004661,False,1,0.9998051347493966,1
1938,1,0.4257576715804327,False,1,0.900072221453445,1
1939,0,0.4131961961443959,False,0,0.9322930989259881,0
1940,0,0.026442121437618,False,0,0.9735103354500471,0
1941,0,0.0284892087843841,False,0,0.5732749105473929,0
1942,1,0.1985169387105912,False,1,0.8616803042425524,1
1943,0,0.5315932705168267,False,0,0.8565696538431865,0
1944,0,0.3409029381440427,False,0,0.7616138018428904,0
1945,0,0.2921131867346381,True,0,0.992703471681133,0
1946,0,0.1907495795812031,False,0,0.939876725587138,0
1947,1,0.1728863994554836,False,1,0.9948227273110374,1
1948,0,0.1042627470008694,False,0,0.9116120564904028,0
1949,0,0.7143407459487037,True,0,0.9986636116590701,0
1950,1,0.1960671861451759,False,1,0.9991983100909949,0
1951,1,0.1250348954332848,False,1,0.9998949643149576,1
1952,0,0.2060289101120699,False,0,0.9195722736822913,0
1953,0,0.480349732201346,False,1,0.8892652021328589,1
1954,1,0.4282850293805042,False,1,0.9975427022150152,1
1955,0,0.5416989267494781,False,1,0.9909427600256051,0
1956,1,0.1915506775520072,False,1,0.9952440385206355,1
1957,1,0.394490047451192,True,1,0.982962459519038,1
1958,1,0.1947473482046338,False,1,0.9895211773251539,1
1959,0,0.3376240769546063,False,0,0.9602566223947954,0
1960,1,0.0848346594174344,False,0,0.5084869632910196,0
1961,1,0.3807988037205718,False,1,0.9973446045632948,1
1962,0,0.6889986403243872,False,0,0.9996012193564989,0
1963,1,0.1676258883854399,False,1,0.8272333781971324,1
1964,1,0.0899836436625801,False,1,0.9998630980366259,1
1965,1,0.755812198771237,False,1,0.8739848446837551,1
1966,0,0.4326578059166095,False,0,0.9976721166737051,0
1967,0,0.3258825021630518,False,0,0.9960061970558849,0
1968,1,0.5567062034819426,True,1,0.99962194715511,1
1969,0,0.472892151761297,False,0,0.5540633123809949,0
1970,1,0.1921424872046244,False,1,0.831399277222209,1
1971,1,0.1124156665420375,False,1,0.8419196003491255,1
1972,1,0.4724476919112367,False,1,0.5360914019856461,1
1973,0,0.1278130124717374,False,1,0.5202857791083606,0
1974,1,0.1496338168956073,False,1,0.5472656977039799,0
1975,0,0.5933952712753867,False,0,0.9960066674034117,0
1976,1,0.1381652896618379,False,1,0.9999902761684488,1
1977,0,0.257233693004625,False,1,0.7515441747686744,0
1978,0,0.566400738954906,False,1,0.9998888648166355,1
1979,1,0.0581943057692379,False,1,0.5405741506342943,0
1980,1,0.5542991672664763,False,1,0.9988208029431227,1
1981,1,0.0579462537414313,False,1,0.9973300739706717,1
1982,0,0.1986886586375548,False,0,0.9964744584972309,0
1983,1,0.0913405640122774,True,0,0.5058351259654082,0
1984,1,0.2495893402978273,False,1,0.9190513262822183,1
1985,1,0.2514054923503735,False,1,0.9328491980564501,1
1986,1,0.0961037223050075,False,0,0.5807482936516635,0
1987,0,0.2941057372299545,False,0,0.8326376163666711,1
1988,0,0.1111094176925334,False,0,0.9775499456867383,0
1989,1,0.328525508770631,False,1,0.991053682682124,1
1990,1,0.1394159096635105,False,1,0.9999060230343094,1
1991,0,0.3221790824082803,False,0,0.748296448098529,0
1992,0,0.080936306821635,False,0,0.7598198064242251,0
1993,1,0.2545435129272722,False,1,0.7795620515561779,1
1994,1,0.1346305794872382,False,1,0.9998468761071101,1
1995,0,0.1879626699016969,False,0,0.8499600528723793,0
1996,1,0.3193603514328672,False,0,0.9651067375460949,0
1997,1,0.1111701686474902,False,1,0.9943098795339327,1
1998,0,0.0312609658822797,True,0,0.9568541709261069,0
1999,0,0.0257908497554995,False,0,0.6628051755081356,0
